{
"type": "FeatureCollection",
"name": "jinju_boundary",
"crs": { "type": "name", "properties": { "name": "urn:ogc:def:crs:OGC:1.3:CRS84" } },
"features": [
{ "type": "Feature", "properties": { "name": "진주시" }, "geometry": { "type": "Polygon", "coordinates": [ [ [ 128.054575209365822, 35.129826790878496 ], [ 128.05427637562218, 35.129944439802628 ], [ 128.054291210512417, 35.130004023707627 ], [ 128.054297103904048, 35.130062557435437 ], [ 128.054307502151147, 35.13009781544735 ], [ 128.054255009915437, 35.130175752296438 ], [ 128.054216668077231, 35.130232674075195 ], [ 128.054209940179987, 35.130242446920228 ], [ 128.054204556758208, 35.130250426426841 ], [ 128.054056516099678, 35.130469944802655 ], [ 128.053700865790063, 35.130743646850298 ], [ 128.053690304796419, 35.130751773522704 ], [ 128.053303488324474, 35.130633384503781 ], [ 128.053101165151645, 35.130571496679075 ], [ 128.052552254850156, 35.130767336245299 ], [ 128.052228961261562, 35.130738672812662 ], [ 128.051939633612818, 35.130713002607848 ], [ 128.051806083129378, 35.130701152712248 ], [ 128.051536945132028, 35.130816141210516 ], [ 128.050915184499871, 35.131070793434134 ], [ 128.050784389758064, 35.13128308247817 ], [ 128.050759838924279, 35.131322928821902 ], [ 128.050631282176624, 35.131531580845994 ], [ 128.050621192043394, 35.131463296878927 ], [ 128.05058222007878, 35.131422018700583 ], [ 128.050042496734648, 35.130850348594699 ], [ 128.049398053854475, 35.130286194013451 ], [ 128.048943346310779, 35.129888130222739 ], [ 128.048895020876984, 35.129782360215174 ], [ 128.048835463250583, 35.129549379906045 ], [ 128.048262222590466, 35.128637252800274 ], [ 128.047612622985696, 35.127812811166287 ], [ 128.047604181127269, 35.127663368150536 ], [ 128.047598251905356, 35.127558402401817 ], [ 128.047596217640574, 35.127522421596453 ], [ 128.047596858571893, 35.12751848002641 ], [ 128.047628256331677, 35.12731991482098 ], [ 128.047727907113284, 35.127186696566589 ], [ 128.047805218202541, 35.127083341082219 ], [ 128.048051811474352, 35.127010516786925 ], [ 128.048256986318847, 35.126835381845019 ], [ 128.048419745561716, 35.126695118301264 ], [ 128.048430297669341, 35.126677806390795 ], [ 128.048565144909162, 35.126456565432946 ], [ 128.048695267516052, 35.126230401626685 ], [ 128.048723105754078, 35.126181995269469 ], [ 128.048731439366321, 35.126136994608729 ], [ 128.048849454115327, 35.125500698761094 ], [ 128.048840651922859, 35.125429370870002 ], [ 128.04882789454345, 35.124994883087432 ], [ 128.048816422118819, 35.124956108242507 ], [ 128.048724899284338, 35.124715521301155 ], [ 128.048699058774162, 35.124571115572778 ], [ 128.048509504502476, 35.124359683601824 ], [ 128.048287641022796, 35.12419387079813 ], [ 128.047733584777347, 35.123733491229316 ], [ 128.047661332800914, 35.123666145157308 ], [ 128.047223558273146, 35.123258087947093 ], [ 128.047156890602395, 35.123173909346747 ], [ 128.047026701359158, 35.123009529710025 ], [ 128.046972138773953, 35.122898319856347 ], [ 128.046771482308174, 35.122727357111366 ], [ 128.046587769613893, 35.122570827966371 ], [ 128.04652686982601, 35.122526148634556 ], [ 128.046058578722494, 35.12241793841774 ], [ 128.045749933867256, 35.122355119412425 ], [ 128.044914136810547, 35.122058267034298 ], [ 128.044656823781935, 35.121556592810698 ], [ 128.044624460561806, 35.121493493943603 ], [ 128.044570971481875, 35.121455539548386 ], [ 128.044190308214439, 35.121185438877482 ], [ 128.043965367357004, 35.121019640828024 ], [ 128.043844107100739, 35.120972659312663 ], [ 128.04305239887384, 35.120663586198461 ], [ 128.043029274384963, 35.120654527500456 ], [ 128.042937048855208, 35.120731456348089 ], [ 128.042649413217646, 35.120971380793058 ], [ 128.042246771039032, 35.1212539579276 ], [ 128.042090253397589, 35.121318546153709 ], [ 128.041726300330652, 35.121468510426233 ], [ 128.041571021758216, 35.121532396323531 ], [ 128.041130535633783, 35.121478998514689 ], [ 128.041030861773976, 35.121466915070997 ], [ 128.040985623776606, 35.12146144521725 ], [ 128.040719798654777, 35.121429307687556 ], [ 128.039609465950235, 35.12078240609744 ], [ 128.039022160126052, 35.120452258476995 ], [ 128.038989366730306, 35.120434089619671 ], [ 128.0389238814073, 35.120406486317115 ], [ 128.03882563802685, 35.120363397416448 ], [ 128.038509233060125, 35.120228373512759 ], [ 128.038146679015966, 35.120076702467408 ], [ 128.037506607809604, 35.119937396536081 ], [ 128.037228860808966, 35.119767535989418 ], [ 128.037189657631188, 35.119750002803492 ], [ 128.037041355235715, 35.119842648197753 ], [ 128.036951821109113, 35.119898626433844 ], [ 128.036899869684589, 35.120005341629209 ], [ 128.036876646566668, 35.120053045009229 ], [ 128.036564414091544, 35.120383292137852 ], [ 128.036513333516893, 35.120436821191994 ], [ 128.036481421022216, 35.120461865944563 ], [ 128.035986855744198, 35.120713963587143 ], [ 128.035797201491192, 35.120789941806017 ], [ 128.035323551993827, 35.120960154436204 ], [ 128.034228660742798, 35.121462300406336 ], [ 128.034151755910386, 35.121344936073619 ], [ 128.034047663796485, 35.121186077435304 ], [ 128.03389815485798, 35.121019906590746 ], [ 128.033818013182042, 35.120943558074252 ], [ 128.0337190229599, 35.120849934527897 ], [ 128.033584883745903, 35.12088766304867 ], [ 128.033204392651953, 35.120971175989553 ], [ 128.032695522336752, 35.121025628940842 ], [ 128.032559800149784, 35.121013499467182 ], [ 128.032386630079657, 35.120998001417682 ], [ 128.032146836677185, 35.121130291514831 ], [ 128.032042725151626, 35.121157184067862 ], [ 128.031716650858016, 35.12124140748714 ], [ 128.031563571420293, 35.121280733541347 ], [ 128.031132057899612, 35.1213583185639 ], [ 128.031113106824961, 35.121361725318714 ], [ 128.031091192955074, 35.121373985445473 ], [ 128.030660356362972, 35.121614983250097 ], [ 128.029982675219003, 35.121946754283407 ], [ 128.029810149676536, 35.122031367823141 ], [ 128.029422207638447, 35.122221623708036 ], [ 128.029325149874438, 35.122269768053322 ], [ 128.028102524782355, 35.122876177574518 ], [ 128.028057055066455, 35.122842788680408 ], [ 128.027699200279386, 35.1225799902437 ], [ 128.027538036000948, 35.122461936209092 ], [ 128.027032483306272, 35.122091609026782 ], [ 128.02700632779684, 35.122067042868231 ], [ 128.025877687768116, 35.122137276693678 ], [ 128.025629580134137, 35.122085403397591 ], [ 128.02548582461344, 35.122055321587951 ], [ 128.025236478648651, 35.122003143565266 ], [ 128.024748210230626, 35.121589691295512 ], [ 128.024727143828073, 35.121571852831728 ], [ 128.024508113034756, 35.12151877650161 ], [ 128.024276290827117, 35.121292442215854 ], [ 128.024147153912509, 35.120807397459643 ], [ 128.024171437093969, 35.120611149965335 ], [ 128.024197251402484, 35.120290399880602 ], [ 128.024353457151619, 35.119868995588021 ], [ 128.024390790219883, 35.119702498609492 ], [ 128.024459118924085, 35.119300278626412 ], [ 128.024340845347297, 35.118641347343463 ], [ 128.023889505941014, 35.118212241887676 ], [ 128.023707206454617, 35.11805309269036 ], [ 128.023425333427213, 35.117770420045481 ], [ 128.022953910915732, 35.117462041626972 ], [ 128.022631975302033, 35.117295475082841 ], [ 128.022576803326075, 35.117266928438511 ], [ 128.022143037282206, 35.117140891371157 ], [ 128.021646939291514, 35.117250401621305 ], [ 128.02162472155959, 35.117256019328842 ], [ 128.021208165174841, 35.117361315313964 ], [ 128.021273300884019, 35.117235417449933 ], [ 128.021402119474686, 35.116986150856775 ], [ 128.021384645154342, 35.116986994280524 ], [ 128.021305797443915, 35.116986253148475 ], [ 128.021186331999246, 35.116956554037785 ], [ 128.021154884081398, 35.116929281651146 ], [ 128.021084703667185, 35.116950229910088 ], [ 128.021015911900065, 35.117220329265542 ], [ 128.02098569972884, 35.117338908270163 ], [ 128.020655176233419, 35.11747669281737 ], [ 128.020508736630546, 35.117537741977188 ], [ 128.02017330000632, 35.117677515653583 ], [ 128.020093957772588, 35.117657776745069 ], [ 128.019868901310559, 35.117601938708781 ], [ 128.019566050901545, 35.117623907191181 ], [ 128.019354927572721, 35.117848337831617 ], [ 128.019354711436591, 35.117858203508568 ], [ 128.019351557344066, 35.118016934910969 ], [ 128.019437951487504, 35.118322234918203 ], [ 128.019412416357454, 35.118446384104601 ], [ 128.019232799959866, 35.118584632551013 ], [ 128.019146784029687, 35.118724640389878 ], [ 128.019120037927024, 35.118773892933191 ], [ 128.019090342457986, 35.118757150843678 ], [ 128.019060182245511, 35.118740151043298 ], [ 128.01894352152496, 35.118676066198404 ], [ 128.018784682828652, 35.118649514361913 ], [ 128.018658806162193, 35.118643957453955 ], [ 128.018592687544128, 35.11864985261758 ], [ 128.018586300069899, 35.118649448925979 ], [ 128.018476474770779, 35.118642533704204 ], [ 128.01833493568509, 35.118649488908353 ], [ 128.018250145556948, 35.118668616126342 ], [ 128.018202153942497, 35.118569064695166 ], [ 128.018146264794268, 35.118539806748963 ], [ 128.017934590731983, 35.118443434497145 ], [ 128.017764751355458, 35.118431337713147 ], [ 128.017748674421625, 35.11842309799227 ], [ 128.017576461165504, 35.118511783030456 ], [ 128.017458480336416, 35.118562200220715 ], [ 128.017366183946336, 35.118583119010658 ], [ 128.017176019488858, 35.118617517567849 ], [ 128.017111268150131, 35.118623406090023 ], [ 128.017000108324083, 35.118558442876868 ], [ 128.016894256741153, 35.118508903285125 ], [ 128.016884153478031, 35.118440410693736 ], [ 128.016853115476891, 35.118369828826658 ], [ 128.016797731143839, 35.11832691795545 ], [ 128.016711360832574, 35.118300186052572 ], [ 128.016436489509829, 35.118277132014228 ], [ 128.016330354519937, 35.118260137796113 ], [ 128.016164946401744, 35.118217293082743 ], [ 128.016107997933517, 35.11821411086256 ], [ 128.016015591399878, 35.118143066880982 ], [ 128.015929372733638, 35.118100977581314 ], [ 128.015770819014904, 35.118059066182461 ], [ 128.015562302335411, 35.117996034340401 ], [ 128.015468505384632, 35.117951188842568 ], [ 128.015374905217271, 35.117893660726708 ], [ 128.015321180106667, 35.117874262430426 ], [ 128.015178245914058, 35.117819822157038 ], [ 128.015114030641314, 35.117782479154286 ], [ 128.015026848043902, 35.117718571819005 ], [ 128.014985018613146, 35.117662448307968 ], [ 128.014946391160009, 35.11758812720997 ], [ 128.014943220651361, 35.11758097024736 ], [ 128.014920120344613, 35.117569894336647 ], [ 128.014892873679315, 35.117557028998995 ], [ 128.014830710819155, 35.117519668107718 ], [ 128.01468494442716, 35.117430045366653 ], [ 128.014544766129461, 35.117404604390529 ], [ 128.014478327633782, 35.117381503141274 ], [ 128.014423016970539, 35.117317185963039 ], [ 128.014367677718695, 35.117276941044892 ], [ 128.014307948832311, 35.117214344997251 ], [ 128.014284949076199, 35.117129479450909 ], [ 128.014261785738171, 35.117030100598711 ], [ 128.014266412873724, 35.117016544432133 ], [ 128.014224539386731, 35.116956761678352 ], [ 128.014088337398903, 35.116864666607668 ], [ 128.013950366937848, 35.116850898184616 ], [ 128.013891397884947, 35.116822522371073 ], [ 128.013832564088915, 35.116804845698233 ], [ 128.013789785364963, 35.116782947649824 ], [ 128.013664807470775, 35.116710616991291 ], [ 128.013554255301813, 35.116586344043846 ], [ 128.01347244988122, 35.116540555280494 ], [ 128.013290816997824, 35.116432783365333 ], [ 128.013132867389089, 35.116328618770837 ], [ 128.013073597822199, 35.116248002094203 ], [ 128.012973572796596, 35.116170535326468 ], [ 128.012885304225421, 35.116112113439193 ], [ 128.012856853920624, 35.116111938050267 ], [ 128.012694990866692, 35.11606187607498 ], [ 128.012583592959032, 35.116007896250856 ], [ 128.012524291071884, 35.115924448050848 ], [ 128.012508516189854, 35.115867546223406 ], [ 128.012580240065688, 35.115819488148169 ], [ 128.012612615798986, 35.11577640618026 ], [ 128.012574924236816, 35.11572206593533 ], [ 128.012482155952171, 35.115704120905917 ], [ 128.012354954777493, 35.115675174352269 ], [ 128.01222325520763, 35.115613752484187 ], [ 128.012022324649962, 35.115525576891393 ], [ 128.01175073744011, 35.115406169919858 ], [ 128.01138964252138, 35.115338332125944 ], [ 128.011063028189341, 35.115204030372169 ], [ 128.010874130186039, 35.114952813572593 ], [ 128.010765468663806, 35.114786129613563 ], [ 128.010643584682498, 35.114623063025419 ], [ 128.010579387592117, 35.114667411068467 ], [ 128.010526574014904, 35.114669418904505 ], [ 128.010480705396503, 35.114671184666328 ], [ 128.010330215410733, 35.114570761326924 ], [ 128.010348626748453, 35.114506952408703 ], [ 128.010312110565735, 35.114436272827241 ], [ 128.010241384123276, 35.1143158814183 ], [ 128.010171231164861, 35.114297318220743 ], [ 128.01008894277598, 35.114212805923898 ], [ 128.009981688499323, 35.114186663819751 ], [ 128.009888337951281, 35.114122798503125 ], [ 128.009714468753174, 35.113809485828298 ], [ 128.009538893252085, 35.113525060185403 ], [ 128.009363839884287, 35.113422026500722 ], [ 128.009199137092111, 35.11332494729082 ], [ 128.008528216572046, 35.11315273355109 ], [ 128.008604446077811, 35.113388619835092 ], [ 128.008752342317365, 35.113846779247282 ], [ 128.008687298118446, 35.11421573464547 ], [ 128.008187017787662, 35.114323376927672 ], [ 128.007987136730435, 35.114221682503036 ], [ 128.007570841751658, 35.113818137840404 ], [ 128.006564147301106, 35.113472784521505 ], [ 128.005175254372176, 35.114305839333483 ], [ 128.004971759468219, 35.114467459421391 ], [ 128.004862739338193, 35.114553874931623 ], [ 128.004853325306868, 35.114552347860126 ], [ 128.004353622086683, 35.114469524284871 ], [ 128.0042157364243, 35.11443405273716 ], [ 128.003781428719776, 35.114372428211347 ], [ 128.003548889518413, 35.114339434004428 ], [ 128.003140841265264, 35.114299986691655 ], [ 128.002612441308059, 35.114248775549761 ], [ 128.002939081582753, 35.114623740815155 ], [ 128.003012444210725, 35.114880502796581 ], [ 128.003084118368719, 35.115131365494058 ], [ 128.002856691662515, 35.115426737179732 ], [ 128.002649514393909, 35.11569559699965 ], [ 128.002503329709015, 35.11590763273405 ], [ 128.002411725680133, 35.116040767440865 ], [ 128.00222259382852, 35.11644059255498 ], [ 128.00221456880567, 35.116457282283328 ], [ 128.001355394767302, 35.117228218179754 ], [ 128.00127093373078, 35.117304001350163 ], [ 128.00099325138558, 35.117666668498089 ], [ 128.0009798631975, 35.117805494143859 ], [ 128.000921774935478, 35.118410561226696 ], [ 128.001328539812192, 35.119044886006535 ], [ 128.001285386868147, 35.119973740337855 ], [ 128.001482907584858, 35.120427838262643 ], [ 128.001331396462547, 35.120877206801069 ], [ 128.001535594821291, 35.121036630963211 ], [ 128.001613155216234, 35.121330533088027 ], [ 128.001624743844388, 35.121374450013569 ], [ 128.00156801648771, 35.121725585074749 ], [ 128.001252625668059, 35.121837331728315 ], [ 128.000867258539728, 35.12197387353423 ], [ 128.000715476142005, 35.122067865041103 ], [ 128.000675022345547, 35.122092914954656 ], [ 128.000531101196657, 35.122182122625631 ], [ 128.000523124586891, 35.122399199079211 ], [ 128.000087527740675, 35.123027369221703 ], [ 128.000076104634303, 35.123242797080174 ], [ 128.000060452058676, 35.123252499179067 ], [ 127.999989046677115, 35.123299987666599 ], [ 127.999459919472258, 35.123652335453947 ], [ 127.999636325316814, 35.12373479152258 ], [ 127.999839184663543, 35.123829612555262 ], [ 128.000191901128744, 35.123994438949637 ], [ 128.000514955096037, 35.124144156852822 ], [ 128.001118499428372, 35.124888539993862 ], [ 128.001273392028679, 35.12507963630425 ], [ 128.001355512164679, 35.125246331904584 ], [ 128.001369713077111, 35.125275158660017 ], [ 128.001474321211248, 35.125822022823094 ], [ 128.001499731335997, 35.125954857328637 ], [ 128.001617304095987, 35.12657058562101 ], [ 128.001790147395639, 35.126743648379524 ], [ 128.002001867462155, 35.126955814077448 ], [ 128.002149708553702, 35.127157955518619 ], [ 128.002221179397054, 35.127255949753803 ], [ 128.002272690302277, 35.127598863484252 ], [ 128.002349390298662, 35.128067339140934 ], [ 128.002620815586738, 35.128394915356736 ], [ 128.002622614508738, 35.128464045855317 ], [ 128.002631165705793, 35.128792542376864 ], [ 128.002868244993635, 35.12914321442782 ], [ 128.002874885283234, 35.129321738690265 ], [ 128.002530702459325, 35.130146482581502 ], [ 128.002405920191904, 35.130445486740115 ], [ 128.002409851714361, 35.130458696767462 ], [ 128.002458800061902, 35.130619822908422 ], [ 128.002484421289495, 35.130752555222713 ], [ 128.002536996304826, 35.130804142439352 ], [ 128.002949417235868, 35.131208808349648 ], [ 128.003047640268051, 35.131614288651903 ], [ 128.003079645474827, 35.132156223084351 ], [ 128.003073849047894, 35.132276343545719 ], [ 128.003053119867388, 35.132705814306561 ], [ 128.00313442967547, 35.133129324040432 ], [ 128.003131048162459, 35.13358169295504 ], [ 128.002798299721235, 35.134100161800298 ], [ 128.002608885252357, 35.134394934582964 ], [ 128.002173931358044, 35.134798625451445 ], [ 128.002032294831793, 35.134936124657258 ], [ 128.00183406501128, 35.1351284423084 ], [ 128.0015492667101, 35.135418648934326 ], [ 128.001470698409491, 35.135498579029964 ], [ 128.001207331760497, 35.13566501911842 ], [ 128.001022943185546, 35.135781545186354 ], [ 128.000813797099255, 35.135838196802787 ], [ 127.999535683457665, 35.136183898953256 ], [ 127.998954674875577, 35.136338102954362 ], [ 127.99882183596155, 35.136373399093664 ], [ 127.998714023038801, 35.136402047474775 ], [ 127.998505601422295, 35.136457424326402 ], [ 127.998958375149911, 35.137006456613712 ], [ 127.999265773118495, 35.137358672529814 ], [ 127.999926546310462, 35.137615600019402 ], [ 128.000147926604768, 35.137970778912127 ], [ 128.000319649266885, 35.138555355004861 ], [ 128.00011049784095, 35.139426142051505 ], [ 128.000082932686126, 35.139471150229902 ], [ 127.999961581382365, 35.139670022111012 ], [ 127.999858394100499, 35.139840425847254 ], [ 127.999765619432637, 35.139992865933387 ], [ 127.999441870558911, 35.140353381271204 ], [ 127.999155329978777, 35.140474734805302 ], [ 127.998746996029553, 35.140647795391047 ], [ 127.998623597648802, 35.140791893559069 ], [ 127.998529324969397, 35.140849709635091 ], [ 127.998634625125149, 35.140880387241978 ], [ 127.998777778670217, 35.140922023454607 ], [ 127.99878946902848, 35.140925165591938 ], [ 127.998815959177563, 35.140932272048651 ], [ 127.999157678367411, 35.141032401265164 ], [ 127.999278457116716, 35.141067743125149 ], [ 127.999316995337708, 35.141134749218274 ], [ 127.999363243721021, 35.141215339369225 ], [ 127.999482407958638, 35.141426590841036 ], [ 127.999525512978337, 35.141503270534827 ], [ 127.999479080180265, 35.141575478015739 ], [ 127.999466291227293, 35.141595578478757 ], [ 127.999439451411973, 35.141615377970695 ], [ 127.999426199240787, 35.141625062866666 ], [ 127.999440719808945, 35.141691836066748 ], [ 127.999436768645012, 35.141704537627419 ], [ 127.999429557525346, 35.141727184072941 ], [ 127.999426200236442, 35.141737728095379 ], [ 127.999429720881096, 35.141739729812024 ], [ 127.999496989917048, 35.14177797906973 ], [ 127.999401721404027, 35.141838905416122 ], [ 127.999033578398851, 35.142074302535214 ], [ 127.998868262685377, 35.142296486811844 ], [ 127.998861125065346, 35.142357661241398 ], [ 127.998685848203266, 35.14249415877299 ], [ 127.998528251719762, 35.142627115332424 ], [ 127.998486499988459, 35.142614258266505 ], [ 127.998480360683573, 35.14261235836787 ], [ 127.998470325060794, 35.142626965894834 ], [ 127.998443203916324, 35.142666978181317 ], [ 127.998403772593704, 35.142752222240205 ], [ 127.998324306476533, 35.142827342403756 ], [ 127.998206146126549, 35.142939041726457 ], [ 127.998144497670438, 35.143057422954392 ], [ 127.99798375875497, 35.143176903922964 ], [ 127.997861739136468, 35.143294793685925 ], [ 127.997798920525213, 35.143318296076295 ], [ 127.997795632501777, 35.143319526893762 ], [ 127.99773080671315, 35.143256047607508 ], [ 127.997690277079215, 35.14332676396328 ], [ 127.997580235977509, 35.143357390733819 ], [ 127.997478264902014, 35.143459340291059 ], [ 127.997448976226494, 35.143504082611315 ], [ 127.997402253680875, 35.143553329300225 ], [ 127.997435734165236, 35.143655168189532 ], [ 127.997459576807842, 35.14372679242004 ], [ 127.997441969702507, 35.143773551699148 ], [ 127.997436656264654, 35.143787955804733 ], [ 127.997426698637341, 35.143813812672356 ], [ 127.99741737490848, 35.143837403641861 ], [ 127.997427488561499, 35.143850541536189 ], [ 127.997432355061378, 35.14385686239202 ], [ 127.997451875219113, 35.14388274613065 ], [ 127.997419186423912, 35.143957239030151 ], [ 127.997380682107959, 35.143977696403809 ], [ 127.997379322912138, 35.143980560407158 ], [ 127.997299439858438, 35.144149190852708 ], [ 127.997276030972841, 35.144182446445029 ], [ 127.997251585941456, 35.144217176073788 ], [ 127.997221865920139, 35.144226437772531 ], [ 127.997189755736585, 35.144236556879463 ], [ 127.99718715316709, 35.14427685781444 ], [ 127.99718334694586, 35.144330258336552 ], [ 127.997154771663091, 35.144405558447062 ], [ 127.997138833712555, 35.144447941138054 ], [ 127.997112501461928, 35.144521670271452 ], [ 127.997055607321769, 35.144523826111197 ], [ 127.996921152870371, 35.144674207682975 ], [ 127.996901926453177, 35.144695572318177 ], [ 127.996894261994797, 35.144690207908631 ], [ 127.996856329440675, 35.144662845032208 ], [ 127.996844313469126, 35.144699770677406 ], [ 127.996833419366723, 35.144733795425438 ], [ 127.996760592756814, 35.144771174166394 ], [ 127.996720159751888, 35.144787949434786 ], [ 127.996702741683563, 35.144819672695895 ], [ 127.996653738208039, 35.144841153936156 ], [ 127.996682530959191, 35.144884667915342 ], [ 127.996677436290597, 35.144929332512071 ], [ 127.996688683459553, 35.144981955352954 ], [ 127.996716205186431, 35.144993514286753 ], [ 127.996758245978356, 35.14496345383187 ], [ 127.996778590859591, 35.144990277482819 ], [ 127.99813225471334, 35.14582257744393 ], [ 127.99930317498108, 35.146458649133251 ], [ 127.999224525984417, 35.147600995100845 ], [ 127.999184308469154, 35.148182819966408 ], [ 127.999182750040973, 35.148308025274737 ], [ 127.999179535950631, 35.148521121704491 ], [ 127.999175866369015, 35.148782957448581 ], [ 127.999014302178239, 35.149003694364332 ], [ 127.998876671819716, 35.149191578795829 ], [ 127.998876628908931, 35.14955294117442 ], [ 127.998867824757212, 35.149702711820709 ], [ 127.998854774213669, 35.149925902763925 ], [ 127.998902020161495, 35.149976351890288 ], [ 127.999174091384788, 35.15026647109314 ], [ 127.999172982589499, 35.150597432129437 ], [ 127.999171990017601, 35.150828596810584 ], [ 127.999171551388471, 35.150930789417878 ], [ 127.998363368524124, 35.151698910621143 ], [ 127.998277604376511, 35.151780579555002 ], [ 127.998187722326676, 35.151861601700858 ], [ 127.997489957872489, 35.152490516877641 ], [ 127.997432972314627, 35.152542238479747 ], [ 127.9974055033843, 35.152567391733804 ], [ 127.997279020924694, 35.152938529897277 ], [ 127.998320815688587, 35.154928894480314 ], [ 127.998553883554152, 35.155374386436094 ], [ 127.998287072490712, 35.155261392549711 ], [ 127.998044336731255, 35.155158519082299 ], [ 127.997761666078333, 35.155494497164874 ], [ 127.997760280750711, 35.155495983463176 ], [ 127.997179916684019, 35.15548934661151 ], [ 127.996432237658922, 35.15558223894493 ], [ 127.995863770741423, 35.155678449229463 ], [ 127.99490086672435, 35.155969687167854 ], [ 127.994489629977679, 35.156080799547226 ], [ 127.994319408501042, 35.156126839334142 ], [ 127.994189743208636, 35.156161873112389 ], [ 127.993923224785206, 35.156233882983884 ], [ 127.993914345619359, 35.156237324036475 ], [ 127.993590081542166, 35.156364470055877 ], [ 127.993579133815913, 35.156366821229014 ], [ 127.993560666862081, 35.156370912673907 ], [ 127.993411002292603, 35.156403681743861 ], [ 127.993044850852939, 35.156483852807575 ], [ 127.992951819013996, 35.156504197014776 ], [ 127.992296108726876, 35.156562792571137 ], [ 127.991952607938416, 35.156627743926499 ], [ 127.991534774017126, 35.156706750580931 ], [ 127.991529296966348, 35.15670777009209 ], [ 127.991338808357739, 35.156712859234197 ], [ 127.990931305112383, 35.15672350749665 ], [ 127.990399395429534, 35.156782209661976 ], [ 127.989725896113939, 35.156929811565654 ], [ 127.988796815943516, 35.157156370478695 ], [ 127.988190212901117, 35.157220745684796 ], [ 127.987443753700717, 35.157263576108406 ], [ 127.987340253323765, 35.157269483887362 ], [ 127.987337713056547, 35.157269369669436 ], [ 127.987182965185326, 35.157262737775568 ], [ 127.986985314991941, 35.157254349380388 ], [ 127.986520843099285, 35.157234614978719 ], [ 127.985439420354254, 35.157069608084072 ], [ 127.985060297047923, 35.15704480202001 ], [ 127.984312330801018, 35.156905259191554 ], [ 127.983653285084031, 35.156772593919442 ], [ 127.983627170319963, 35.156768716215161 ], [ 127.983510959476163, 35.156757220666371 ], [ 127.983408790951145, 35.156747115321267 ], [ 127.982741367043701, 35.156687453888296 ], [ 127.98207473705466, 35.156532170090713 ], [ 127.981405156470828, 35.156540960476377 ], [ 127.981212758931179, 35.157284695949691 ], [ 127.981301791246111, 35.157285379260166 ], [ 127.981323258963499, 35.157285625805144 ], [ 127.981311490830066, 35.157333317105234 ], [ 127.981303634761531, 35.157364796349476 ], [ 127.981297766639983, 35.157390045897486 ], [ 127.981290912005008, 35.157419678067342 ], [ 127.981232435769357, 35.157661528924983 ], [ 127.981096504998334, 35.158224690621367 ], [ 127.980922614866444, 35.15859192692816 ], [ 127.980672703195381, 35.159119696615782 ], [ 127.98067409464737, 35.159121801095878 ], [ 127.980756679226758, 35.159258872325559 ], [ 127.98024965494659, 35.159350533009558 ], [ 127.979940311511797, 35.15928117662618 ], [ 127.979876938855924, 35.159266967840438 ], [ 127.979861177287972, 35.159263427037828 ], [ 127.979100323690915, 35.15884961928974 ], [ 127.978653974897028, 35.158722390354122 ], [ 127.978101049434628, 35.158402372814955 ], [ 127.978070313175962, 35.158384447281172 ], [ 127.978047039343906, 35.158371121673319 ], [ 127.977524381664381, 35.158384901457786 ], [ 127.977321204496732, 35.158390211553801 ], [ 127.97663857569006, 35.157959972741658 ], [ 127.976016633545143, 35.157660226043205 ], [ 127.975915230361025, 35.157611336937258 ], [ 127.974863146092801, 35.157679921150319 ], [ 127.974658281783462, 35.157727757136485 ], [ 127.974127918631737, 35.157851275241107 ], [ 127.973853766989365, 35.157619440563089 ], [ 127.973528447213937, 35.157344188620606 ], [ 127.97330114371772, 35.157061972236782 ], [ 127.972974970539653, 35.15665715894314 ], [ 127.972731557483257, 35.156519966906394 ], [ 127.972630746593836, 35.156463177341003 ], [ 127.972171870349342, 35.156355366335724 ], [ 127.972061785340458, 35.156329500527924 ], [ 127.971258799989315, 35.157211273011747 ], [ 127.971235098683181, 35.157237236172548 ], [ 127.971133543792774, 35.157286757210073 ], [ 127.971131441615086, 35.15728778251399 ], [ 127.970530610537793, 35.157580021834804 ], [ 127.970250551425082, 35.157651836630841 ], [ 127.969884374431359, 35.157745734061834 ], [ 127.96971915376642, 35.157839442065502 ], [ 127.969685417713364, 35.157858577303188 ], [ 127.969491191629459, 35.158398525830741 ], [ 127.969489862242739, 35.158402202746565 ], [ 127.969392133459635, 35.158461847230065 ], [ 127.969124841532206, 35.15862537431336 ], [ 127.968925927095327, 35.158655260599339 ], [ 127.968753267426649, 35.158681313703177 ], [ 127.968720836806028, 35.158686181269715 ], [ 127.968457079769877, 35.158480719668361 ], [ 127.968061436657962, 35.158172785437692 ], [ 127.967771635067479, 35.157970466202151 ], [ 127.967524034965251, 35.157797819213222 ], [ 127.966561109324687, 35.157053176371925 ], [ 127.966957462829001, 35.156028442241393 ], [ 127.967047988469986, 35.155794640395378 ], [ 127.966890116230417, 35.155175824927781 ], [ 127.966882557270523, 35.155145324831132 ], [ 127.966832562590298, 35.154948279036013 ], [ 127.966802025292665, 35.154830938025988 ], [ 127.966773988027526, 35.154722432256875 ], [ 127.966535910481738, 35.154523104469988 ], [ 127.966311662793345, 35.154553584442546 ], [ 127.965903888496811, 35.154364857877134 ], [ 127.965841473652375, 35.15433595637063 ], [ 127.965136977758164, 35.154009762066245 ], [ 127.965070086224912, 35.153978752913012 ], [ 127.965079281673368, 35.153420861377036 ], [ 127.964460432024183, 35.153144253902816 ], [ 127.964050649794771, 35.152157477163591 ], [ 127.964002651123565, 35.152041670235441 ], [ 127.963844792764391, 35.15115893279151 ], [ 127.963703497670409, 35.150713652051991 ], [ 127.963673410397149, 35.150763582253923 ], [ 127.963617567713925, 35.150855849878283 ], [ 127.963658011170295, 35.151058457607967 ], [ 127.963658601511298, 35.151061691591956 ], [ 127.963621227204172, 35.151062416209022 ], [ 127.963590232607629, 35.151062935161292 ], [ 127.963577239897134, 35.151065574587776 ], [ 127.963411295613042, 35.151107253485364 ], [ 127.96316346080053, 35.150734814028517 ], [ 127.962987314695212, 35.150522447917837 ], [ 127.961869129964654, 35.15069705601568 ], [ 127.961860234865497, 35.150698395600969 ], [ 127.962314562185838, 35.151218822545538 ], [ 127.962412726387726, 35.151342114097886 ], [ 127.962867895805942, 35.151903934149182 ], [ 127.962938122513407, 35.151984779310503 ], [ 127.963397724410285, 35.152515162017295 ], [ 127.963541973965292, 35.152999462248346 ], [ 127.96367171058769, 35.153415982965583 ], [ 127.963732710384733, 35.153791522342544 ], [ 127.963772032869457, 35.154072166501926 ], [ 127.963797004254118, 35.154212090427755 ], [ 127.963816104513441, 35.154320373234015 ], [ 127.963790548637235, 35.155033177188848 ], [ 127.963711802037082, 35.155189988582258 ], [ 127.963682196064312, 35.155248981814715 ], [ 127.96350906808037, 35.155593948172886 ], [ 127.96308733810281, 35.155893883780593 ], [ 127.962818987670417, 35.156084724726682 ], [ 127.962765464770101, 35.156140922713284 ], [ 127.962160397486642, 35.15677494928228 ], [ 127.961878306322049, 35.157051806053751 ], [ 127.96187694748555, 35.157052660645554 ], [ 127.961874909215453, 35.15705393982816 ], [ 127.961704351250589, 35.157162039576789 ], [ 127.961505541627758, 35.157288111398479 ], [ 127.961209025810405, 35.157476072290244 ], [ 127.961084838956225, 35.157501705410432 ], [ 127.961080053201144, 35.157502728129408 ], [ 127.96085615520677, 35.157549139846523 ], [ 127.960248396806421, 35.157534797341029 ], [ 127.960222869852458, 35.157534155809508 ], [ 127.959852711734612, 35.157525676776054 ], [ 127.958777342097534, 35.157508276677021 ], [ 127.958390820308253, 35.157580469895528 ], [ 127.958275829798751, 35.157601942723069 ], [ 127.958268996799092, 35.157603251703577 ], [ 127.958237193453584, 35.157609196145685 ], [ 127.958066146714955, 35.157641162086186 ], [ 127.958011945182918, 35.157651292131654 ], [ 127.958033945814435, 35.157590094601758 ], [ 127.958269998033913, 35.156933465149336 ], [ 127.958289598928658, 35.156878671578546 ], [ 127.958275310098671, 35.156859484917739 ], [ 127.958254720012363, 35.156858100222799 ], [ 127.958230691894428, 35.156856461621047 ], [ 127.958208588252333, 35.15685536668169 ], [ 127.958205506749877, 35.156855253899629 ], [ 127.958163609212718, 35.156853195940123 ], [ 127.958090836143768, 35.15687329523184 ], [ 127.958083038614689, 35.156870583512458 ], [ 127.957985801214647, 35.156837274918814 ], [ 127.957928880921258, 35.156838848047286 ], [ 127.957303176905967, 35.156855750557433 ], [ 127.956156889501656, 35.156816907763158 ], [ 127.954866188046566, 35.156022653107051 ], [ 127.954986709235044, 35.155887490318108 ], [ 127.955008868922235, 35.155847041092294 ], [ 127.955019278902924, 35.155828374445498 ], [ 127.954965294592327, 35.155787249943849 ], [ 127.954299519649211, 35.155278598674421 ], [ 127.954254640852596, 35.155224168318625 ], [ 127.953956186201737, 35.154863175842131 ], [ 127.953880077694009, 35.154771071619706 ], [ 127.953835129391791, 35.154716677430685 ], [ 127.953879022294956, 35.154581041676892 ], [ 127.953967221024854, 35.154308482726414 ], [ 127.954005277238309, 35.154190884985589 ], [ 127.954010174516682, 35.154189797204822 ], [ 127.954029577216431, 35.154185488257021 ], [ 127.954067876171777, 35.154177014720517 ], [ 127.954033178967336, 35.154142508203435 ], [ 127.95402884678694, 35.154138199828857 ], [ 127.953775377381362, 35.153886102067268 ], [ 127.952392575492212, 35.15338110622362 ], [ 127.951524929721245, 35.152674188731723 ], [ 127.951444269472134, 35.152609468650169 ], [ 127.951006543825116, 35.152007204245074 ], [ 127.950431315837605, 35.152044655083635 ], [ 127.95010509086444, 35.152137335264079 ], [ 127.949801337302915, 35.152382502626821 ], [ 127.949116805507629, 35.152617285062362 ], [ 127.948908163768678, 35.152622712895045 ], [ 127.948791565886538, 35.152635175474806 ], [ 127.948091598702717, 35.15272190129545 ], [ 127.947379889654655, 35.153028364964229 ], [ 127.947206164536738, 35.152968375184201 ], [ 127.946692627091466, 35.152791704400897 ], [ 127.946233899203975, 35.152872439714407 ], [ 127.945582326902382, 35.153192087024486 ], [ 127.945150409093031, 35.153082991303968 ], [ 127.944430433585367, 35.15316589935567 ], [ 127.943514826789951, 35.153127259855218 ], [ 127.943199846573719, 35.152786499391901 ], [ 127.942564909143357, 35.152743970890675 ], [ 127.942283203796919, 35.152283674495848 ], [ 127.942286223218062, 35.15227843714927 ], [ 127.942323870458665, 35.152211960741404 ], [ 127.9422766226796, 35.152188664348657 ], [ 127.941880889743899, 35.151993592629466 ], [ 127.941397620017085, 35.152018179178171 ], [ 127.940505285056474, 35.1520473526814 ], [ 127.940217540561505, 35.152207034935074 ], [ 127.939150652700505, 35.152477088412816 ], [ 127.938867913749121, 35.152471972193879 ], [ 127.938612227610534, 35.152592361423856 ], [ 127.938474530706003, 35.15285589203279 ], [ 127.938312238368425, 35.153166451896439 ], [ 127.938026513081113, 35.153915406876642 ], [ 127.93803916116353, 35.154096904683904 ], [ 127.938049187755453, 35.154136711491269 ], [ 127.938142110287785, 35.154434247115091 ], [ 127.938375797785625, 35.154976934071009 ], [ 127.938060554323457, 35.156076154838132 ], [ 127.93798518088883, 35.156873988807156 ], [ 127.937924517593785, 35.157589430555184 ], [ 127.937850423850421, 35.157823938708283 ], [ 127.937773689871122, 35.158066796279961 ], [ 127.937568334265393, 35.158716732628761 ], [ 127.937192976757089, 35.162171622327108 ], [ 127.937668899251534, 35.16305091434436 ], [ 127.937765005113874, 35.16330865209865 ], [ 127.938068673928086, 35.164123026514609 ], [ 127.93867861618422, 35.164918138136748 ], [ 127.938726549510463, 35.165016576529609 ], [ 127.938856657009836, 35.165245012620773 ], [ 127.939253894474092, 35.165940390465522 ], [ 127.937832622297393, 35.167678411865595 ], [ 127.936821649463312, 35.168511542086641 ], [ 127.936316071001144, 35.16911563164912 ], [ 127.936080084038196, 35.169397595826275 ], [ 127.935378626170476, 35.170068527743481 ], [ 127.935133371109288, 35.170308570406611 ], [ 127.933761474248101, 35.171651272856572 ], [ 127.930599784808081, 35.173123460028457 ], [ 127.929701512080513, 35.174011249620165 ], [ 127.929428327189598, 35.174281238967787 ], [ 127.928390660067663, 35.175306753048872 ], [ 127.928084460782188, 35.175851152502432 ], [ 127.928054568907385, 35.176232950828158 ], [ 127.927646127614011, 35.17651225527338 ], [ 127.92714328949755, 35.176793816406118 ], [ 127.926288948305412, 35.177423385173526 ], [ 127.925830518361181, 35.177761201795086 ], [ 127.925265060673112, 35.178180209983637 ], [ 127.925077983226856, 35.178318815542575 ], [ 127.924959522309521, 35.178340018315502 ], [ 127.924923924979169, 35.17834744253728 ], [ 127.924507796919855, 35.178432885954116 ], [ 127.923011966881887, 35.178748834650378 ], [ 127.921033765161809, 35.179426532968279 ], [ 127.919566714276556, 35.179929086709883 ], [ 127.918697287732456, 35.17993257948855 ], [ 127.918033418455778, 35.179936640789414 ], [ 127.917495506552996, 35.17994351862513 ], [ 127.916805297097341, 35.180523894047596 ], [ 127.916183443260934, 35.18112869330416 ], [ 127.915503670425565, 35.181789809515159 ], [ 127.915158159669929, 35.18212583132749 ], [ 127.914466674812317, 35.182139099401219 ], [ 127.912037643500298, 35.182185677295358 ], [ 127.910566067078335, 35.183344811671333 ], [ 127.910560396970794, 35.183349279022309 ], [ 127.910065725968693, 35.183738004399387 ], [ 127.90907910311077, 35.184036673925078 ], [ 127.90825281374984, 35.18428679801886 ], [ 127.907551823799963, 35.184959556898754 ], [ 127.906196818512143, 35.186259949254065 ], [ 127.905332909106946, 35.187003863314736 ], [ 127.905067394980236, 35.187231266258138 ], [ 127.904307023548284, 35.187882496166239 ], [ 127.903644980661895, 35.188570352821607 ], [ 127.903099526343908, 35.189132657084699 ], [ 127.902692813895541, 35.189551870798532 ], [ 127.90269290085439, 35.18954567487112 ], [ 127.902389937716592, 35.189687558469011 ], [ 127.902233101856993, 35.189761006932947 ], [ 127.902090226067543, 35.189827915643967 ], [ 127.900499616549652, 35.19141368515772 ], [ 127.899575139602263, 35.192319774365032 ], [ 127.899363122148245, 35.192527569010146 ], [ 127.898472742696711, 35.193400203833114 ], [ 127.897464302794333, 35.193923618420961 ], [ 127.897141850559407, 35.194095721276987 ], [ 127.897141821292735, 35.19409783317289 ], [ 127.896132552345307, 35.195360709224566 ], [ 127.896002592854501, 35.195523321736879 ], [ 127.89585243712223, 35.195711498617634 ], [ 127.895642712545239, 35.195974325748352 ], [ 127.894846366613564, 35.196972286577804 ], [ 127.893989677869669, 35.198723096279785 ], [ 127.893706374717212, 35.199446046284123 ], [ 127.893999175393915, 35.20056970581831 ], [ 127.894214243761581, 35.201447476757778 ], [ 127.894431182281153, 35.20231526189221 ], [ 127.894551180771501, 35.202929522959572 ], [ 127.894616468067511, 35.203295559111922 ], [ 127.894695259607005, 35.203710590499583 ], [ 127.894936539769887, 35.204118096501553 ], [ 127.895050053486443, 35.204869886443362 ], [ 127.895096979833966, 35.205168696783169 ], [ 127.895138974296202, 35.205436095112141 ], [ 127.89518367154939, 35.205720708083973 ], [ 127.895034748971639, 35.20621014964216 ], [ 127.894988008104988, 35.206363769811418 ], [ 127.89486843051489, 35.206748262298966 ], [ 127.894668913241588, 35.207441415837017 ], [ 127.89453502703762, 35.207893798030732 ], [ 127.893885152950872, 35.208519457940916 ], [ 127.893553538883808, 35.208836379481014 ], [ 127.89309656605981, 35.209306784345507 ], [ 127.892727576039263, 35.209766863428406 ], [ 127.892448748204387, 35.210119616690704 ], [ 127.891845244967286, 35.210865402751693 ], [ 127.891003103438393, 35.211405637400063 ], [ 127.890342623929783, 35.211860361623692 ], [ 127.889590225854135, 35.212864981032254 ], [ 127.889579203523866, 35.212879695361501 ], [ 127.888879074649068, 35.214454179349843 ], [ 127.888761106517336, 35.214730246444631 ], [ 127.888209176528235, 35.215948107410512 ], [ 127.887960089389352, 35.216469969590783 ], [ 127.887936018025314, 35.216809058009133 ], [ 127.88791971905917, 35.217038650927499 ], [ 127.887914845068423, 35.217107275461736 ], [ 127.887907039434893, 35.217217217387542 ], [ 127.887817730017076, 35.218475014599896 ], [ 127.888213444384036, 35.220077456629689 ], [ 127.888398336282378, 35.220588382427124 ], [ 127.888630443374808, 35.221247894241756 ], [ 127.888867418982414, 35.221884634484809 ], [ 127.889059561258136, 35.222423795206915 ], [ 127.889294039402031, 35.223068121316949 ], [ 127.889515805589284, 35.223694575449308 ], [ 127.88961400941615, 35.22419248321156 ], [ 127.889647423760906, 35.224361899567285 ], [ 127.889974696569169, 35.225658389059788 ], [ 127.889895616321169, 35.226952423141441 ], [ 127.88985578892364, 35.227531408833507 ], [ 127.890132104417944, 35.227305385874686 ], [ 127.89023904891188, 35.226838265450901 ], [ 127.890316202901843, 35.226532149921937 ], [ 127.890324502391096, 35.226499232630204 ], [ 127.890328715185916, 35.226493186650998 ], [ 127.89068440546184, 35.225982607481612 ], [ 127.890785748690675, 35.22600762003789 ], [ 127.890917199324932, 35.226039941879236 ], [ 127.891271690643961, 35.226121354766562 ], [ 127.891417436420767, 35.226301116063183 ], [ 127.891490794136004, 35.226443382234145 ], [ 127.891662146534244, 35.22677569171956 ], [ 127.89175666731488, 35.227006104671105 ], [ 127.891821922659361, 35.227154715977932 ], [ 127.891872846311671, 35.227171230843339 ], [ 127.892001433326612, 35.227218180978952 ], [ 127.892076342343842, 35.227243939891984 ], [ 127.892093080170653, 35.227249723304965 ], [ 127.892141366045948, 35.227239181078346 ], [ 127.892147615479573, 35.227177273337901 ], [ 127.892168981265471, 35.227076498303276 ], [ 127.892162528263498, 35.22699560216698 ], [ 127.892183666318772, 35.22688679368904 ], [ 127.892188602078051, 35.226637300758071 ], [ 127.89222324129328, 35.226557765603808 ], [ 127.892267860085312, 35.226410073516135 ], [ 127.892268258154786, 35.226408759346221 ], [ 127.892347683220393, 35.226177976087435 ], [ 127.892361971993068, 35.226048968165166 ], [ 127.892375231036695, 35.226026557536009 ], [ 127.892449305518326, 35.226025262421146 ], [ 127.892699835311333, 35.225926723353112 ], [ 127.892758597576147, 35.225922199127815 ], [ 127.892945117969035, 35.225861374465538 ], [ 127.893035282302748, 35.225844596815875 ], [ 127.893150045142093, 35.225816635637727 ], [ 127.893217806092679, 35.225761768720943 ], [ 127.893226126044894, 35.225774807376716 ], [ 127.893305271039182, 35.22589932075477 ], [ 127.893375587995166, 35.225959670506903 ], [ 127.893464014622865, 35.226007236519408 ], [ 127.893498051214962, 35.226028532321322 ], [ 127.893549311813942, 35.22603252073165 ], [ 127.893610299668993, 35.226040120373526 ], [ 127.893670872097786, 35.226053623885349 ], [ 127.893700387315491, 35.226060234766521 ], [ 127.893717671564701, 35.22606405407295 ], [ 127.893795890022716, 35.226117582642701 ], [ 127.89390640413373, 35.226187741688634 ], [ 127.894052007672244, 35.226270942265124 ], [ 127.89408999153224, 35.226292645243355 ], [ 127.894112544606585, 35.22629341761737 ], [ 127.894113399309063, 35.226266096833363 ], [ 127.894113614301574, 35.226259198103619 ], [ 127.894118964564072, 35.226231646274407 ], [ 127.894140473368822, 35.226189179060427 ], [ 127.894174297521246, 35.226156951159048 ], [ 127.894240837419034, 35.2261164445693 ], [ 127.894325574912628, 35.226088203146979 ], [ 127.8943632242988, 35.22608347820718 ], [ 127.894382568130069, 35.226080984196322 ], [ 127.894407837713629, 35.226077690000736 ], [ 127.894476686649369, 35.22607564782956 ], [ 127.89453000734801, 35.226073878047721 ], [ 127.894593140537268, 35.226075158279265 ], [ 127.89460575968927, 35.226068238952209 ], [ 127.894637419328319, 35.226068804809358 ], [ 127.89486591543789, 35.226038649740516 ], [ 127.895462125076506, 35.226203794512735 ], [ 127.895773690144495, 35.226426467198095 ], [ 127.896288012916699, 35.2265867773419 ], [ 127.896326516786146, 35.226614025189903 ], [ 127.896881626901674, 35.227007770100123 ], [ 127.897316766726732, 35.227255233439266 ], [ 127.898024435048768, 35.227476617557258 ], [ 127.898158802099374, 35.227518651294488 ], [ 127.89890956862854, 35.227291152402749 ], [ 127.899047661458638, 35.227340436093151 ], [ 127.899269359504146, 35.227419769967661 ], [ 127.899397984225004, 35.226859923751839 ], [ 127.899400383625249, 35.226849484935471 ], [ 127.899388488645471, 35.226567723965047 ], [ 127.899492884795819, 35.226513616347894 ], [ 127.900175628088576, 35.225882872458385 ], [ 127.900582010313897, 35.225757569451304 ], [ 127.901552640829237, 35.225253499055526 ], [ 127.901848527105557, 35.224820047758335 ], [ 127.902001175320635, 35.224413886314409 ], [ 127.902026318918317, 35.224133452455895 ], [ 127.90275142864121, 35.223705730421834 ], [ 127.903740070762794, 35.223167866027588 ], [ 127.903966544979212, 35.223045142502166 ], [ 127.905017688716669, 35.222745694888481 ], [ 127.905373422281031, 35.222644352022144 ], [ 127.905552348701107, 35.222593376380424 ], [ 127.906067933569574, 35.222742950266074 ], [ 127.906493622614988, 35.222988210514593 ], [ 127.906584701044792, 35.22304068405149 ], [ 127.907233131582814, 35.223668999720623 ], [ 127.907858698003267, 35.223539619224951 ], [ 127.908284802481219, 35.223451491332014 ], [ 127.908520162806212, 35.223491077385432 ], [ 127.908680957973431, 35.223530406168713 ], [ 127.909405717976654, 35.224028716247233 ], [ 127.909628177026917, 35.224428979865785 ], [ 127.909662961728415, 35.224702500137134 ], [ 127.9102878674301, 35.225199472703878 ], [ 127.910040269715452, 35.225393840488486 ], [ 127.910040917121918, 35.225401955423969 ], [ 127.910084810842903, 35.225951910328135 ], [ 127.910233782948893, 35.226592045464038 ], [ 127.910339323821376, 35.227047444292332 ], [ 127.910357865253175, 35.227092109491416 ], [ 127.910603503830288, 35.227339504420449 ], [ 127.910966069836164, 35.22750528378679 ], [ 127.910952820720823, 35.2276285121374 ], [ 127.910944906028959, 35.227702114315939 ], [ 127.910764400350573, 35.228211402515946 ], [ 127.910807769315795, 35.228420926378902 ], [ 127.910759068717311, 35.228609610541199 ], [ 127.910743186791763, 35.228635291712557 ], [ 127.910690247702192, 35.228720895899826 ], [ 127.910676356152848, 35.228743357544111 ], [ 127.910679747018605, 35.228756794027561 ], [ 127.910791589099389, 35.229199547072312 ], [ 127.910788604146816, 35.229402910878576 ], [ 127.910786979372133, 35.229513338837144 ], [ 127.91078680675308, 35.229525094913711 ], [ 127.910782539760461, 35.229529056144209 ], [ 127.91046760050709, 35.229821659215474 ], [ 127.910340945338206, 35.22993932974007 ], [ 127.910408447457911, 35.230461419923579 ], [ 127.910575906578657, 35.23086906605036 ], [ 127.910706067535614, 35.231056698772434 ], [ 127.910725596999626, 35.231323774317147 ], [ 127.910762645349479, 35.231830479872286 ], [ 127.910601161072194, 35.232546400050595 ], [ 127.910552014075606, 35.232788175916355 ], [ 127.910735521624773, 35.233446509682018 ], [ 127.910872237927975, 35.233603569336438 ], [ 127.910992630226673, 35.233741880175828 ], [ 127.911166384554747, 35.23398186313063 ], [ 127.911315161279248, 35.234433143435808 ], [ 127.911193194118553, 35.234729613446163 ], [ 127.911389420063287, 35.234995853877415 ], [ 127.911653322554656, 35.235277768034443 ], [ 127.91164663937478, 35.235797222057656 ], [ 127.911485632797593, 35.236098026089181 ], [ 127.911424292275285, 35.236212622609351 ], [ 127.911494763596963, 35.236654465449071 ], [ 127.911760858231148, 35.237180662455074 ], [ 127.911941751344258, 35.237538375668898 ], [ 127.911426496774041, 35.238273635717832 ], [ 127.911100979720487, 35.238811474666861 ], [ 127.911247158069699, 35.23902149453771 ], [ 127.911582632450887, 35.239285752670838 ], [ 127.911485200124872, 35.239644399047542 ], [ 127.911370855413693, 35.24006529399994 ], [ 127.911357230098716, 35.240127977839364 ], [ 127.911383491422782, 35.240172569646504 ], [ 127.91130705608154, 35.240247082656751 ], [ 127.91131782990999, 35.240282251136897 ], [ 127.911593332641331, 35.240570887549943 ], [ 127.911636263348896, 35.240589662830736 ], [ 127.911964855615579, 35.240733363327472 ], [ 127.912054400926593, 35.241038925197465 ], [ 127.912929281482107, 35.242590670351063 ], [ 127.913400145249156, 35.24287909296109 ], [ 127.913556440348486, 35.243232703486996 ], [ 127.913320838773956, 35.243656586842278 ], [ 127.913058934969428, 35.244038264353691 ], [ 127.912710743691349, 35.244380166724774 ], [ 127.912707658361327, 35.244383194333686 ], [ 127.912690433717842, 35.244400107643195 ], [ 127.912697547310728, 35.244399666800888 ], [ 127.913116161017854, 35.244373660080448 ], [ 127.913469934523206, 35.244552356423291 ], [ 127.913671093280243, 35.244653964160392 ], [ 127.914722523666882, 35.245033364528133 ], [ 127.915147557051512, 35.245388028168108 ], [ 127.915264869654933, 35.245485918168626 ], [ 127.915624024891557, 35.246333534395582 ], [ 127.915621527574828, 35.246482368465145 ], [ 127.915785545862519, 35.246900822984223 ], [ 127.915924008282573, 35.247074014498125 ], [ 127.916397036417948, 35.247248655681723 ], [ 127.916540127327266, 35.247640871328748 ], [ 127.916600585970158, 35.247979150281814 ], [ 127.91664333252146, 35.248218335720615 ], [ 127.916622221940358, 35.248301795729184 ], [ 127.916920072107715, 35.248274747858147 ], [ 127.916955317774125, 35.248271547128233 ], [ 127.917282900635328, 35.248333490105566 ], [ 127.917560606931787, 35.248298943956435 ], [ 127.91798542093899, 35.247717186294636 ], [ 127.918001003054371, 35.24788124983575 ], [ 127.918315732261817, 35.248522038658201 ], [ 127.918359277245784, 35.248610700077023 ], [ 127.918339479112404, 35.248884922881032 ], [ 127.91833717842654, 35.248916794170462 ], [ 127.918558523419406, 35.24889181640966 ], [ 127.918579993435756, 35.24889682322533 ], [ 127.919235156485087, 35.249049604325613 ], [ 127.919232630013639, 35.249072353022598 ], [ 127.91921013730618, 35.24927483438826 ], [ 127.919199274885926, 35.249372619779741 ], [ 127.919081910900971, 35.249703352812638 ], [ 127.919132358453354, 35.250170506943682 ], [ 127.919327762866459, 35.251175074356254 ], [ 127.919629977975035, 35.251504297329653 ], [ 127.920041647359326, 35.251952755368983 ], [ 127.920915777875464, 35.252331924624627 ], [ 127.92121171710248, 35.252270353090296 ], [ 127.921271978419853, 35.252253492564144 ], [ 127.921494141624621, 35.252191339465966 ], [ 127.921972453615354, 35.252157442257733 ], [ 127.922106690725172, 35.252188557893575 ], [ 127.922912005454677, 35.252375223700085 ], [ 127.923204472568216, 35.25139542845163 ], [ 127.923210613306665, 35.251346229247027 ], [ 127.923247011083191, 35.251054587357423 ], [ 127.923283462746042, 35.250233470578266 ], [ 127.92348988423106, 35.249955624866182 ], [ 127.923740980102139, 35.249857033353607 ], [ 127.924113177228534, 35.249389004021559 ], [ 127.92432989639542, 35.24933178356796 ], [ 127.924468371697415, 35.249311047603499 ], [ 127.924479280143487, 35.249309559410747 ], [ 127.924699685159609, 35.249279450266826 ], [ 127.925159781859747, 35.249349873256065 ], [ 127.925193142102003, 35.249352277200884 ], [ 127.925541306568363, 35.249383824780125 ], [ 127.926506550341358, 35.249812062708074 ], [ 127.927115714573034, 35.249944081613904 ], [ 127.927516102348392, 35.250030852147269 ], [ 127.927692867190814, 35.250076093359837 ], [ 127.928579730036802, 35.250303071053821 ], [ 127.928685009530625, 35.250332454210046 ], [ 127.92968581878921, 35.250314443431293 ], [ 127.929702336273508, 35.250314146734745 ], [ 127.929735408731759, 35.250323365482771 ], [ 127.929933512264128, 35.250378581573521 ], [ 127.930296100960732, 35.25052134999661 ], [ 127.930826763641278, 35.250500273839727 ], [ 127.930910331248597, 35.250481042447056 ], [ 127.931048902740912, 35.250449153622569 ], [ 127.931214710090387, 35.250490448610044 ], [ 127.931405328985448, 35.25053792352913 ], [ 127.93184403728236, 35.250656145812975 ], [ 127.931965276998184, 35.250658398370902 ], [ 127.932421927063942, 35.25066688637316 ], [ 127.932961745730751, 35.250543511960025 ], [ 127.932982969545577, 35.250542281852375 ], [ 127.93352408577536, 35.250424683783613 ], [ 127.934076517489288, 35.250380406675276 ], [ 127.934485570605887, 35.250266426666734 ], [ 127.934692574281144, 35.250117990547494 ], [ 127.935609795334187, 35.249602340341156 ], [ 127.935868170093471, 35.249453105033027 ], [ 127.936562490441688, 35.24905206706439 ], [ 127.937091924570069, 35.249242473835267 ], [ 127.937426795720441, 35.249345402821319 ], [ 127.937772865800881, 35.249445762003887 ], [ 127.938018940445986, 35.249493545268187 ], [ 127.938117410870987, 35.249604117523575 ], [ 127.938178045804847, 35.249528608008191 ], [ 127.938292368273622, 35.249358782982888 ], [ 127.938355667394333, 35.249000660710493 ], [ 127.938376079000236, 35.248976056977234 ], [ 127.938416219664575, 35.248925845677739 ], [ 127.938794151165709, 35.248616670466433 ], [ 127.938789261542254, 35.248353422972713 ], [ 127.938827498718879, 35.248193216658557 ], [ 127.938853887590653, 35.248071354732197 ], [ 127.939134892051001, 35.248008865735855 ], [ 127.939948624902186, 35.247827898833705 ], [ 127.94059504381508, 35.24772301777594 ], [ 127.940990374572024, 35.247638746068937 ], [ 127.941152368162562, 35.247577782465129 ], [ 127.941364243077587, 35.247423462453355 ], [ 127.941674586458575, 35.247195079730488 ], [ 127.942294903425704, 35.24615910097652 ], [ 127.942475067102876, 35.24589549903471 ], [ 127.94251873234515, 35.245837860614593 ], [ 127.942538449121969, 35.245826347769473 ], [ 127.942565970830017, 35.245776166797413 ], [ 127.942565927870788, 35.245772508763821 ], [ 127.942565680734248, 35.245758987797316 ], [ 127.942564995560659, 35.245719266878339 ], [ 127.942545896410095, 35.245669663953251 ], [ 127.942546326440933, 35.245662631837682 ], [ 127.942549184717819, 35.245614776362352 ], [ 127.942523128189336, 35.245559348653586 ], [ 127.942485456104322, 35.245524199325416 ], [ 127.942412201134644, 35.245455853288369 ], [ 127.942610235255174, 35.245335491842077 ], [ 127.942738201677315, 35.245296475263785 ], [ 127.942959683870455, 35.245260945826033 ], [ 127.943132497823171, 35.245257954348396 ], [ 127.943310422868194, 35.245284862258963 ], [ 127.94353802142949, 35.24533388417035 ], [ 127.943700478762565, 35.245381635948682 ], [ 127.943823397404287, 35.245394252656773 ], [ 127.944023110302837, 35.245383045973149 ], [ 127.944319695543754, 35.245333529960526 ], [ 127.944502802320969, 35.245285275854386 ], [ 127.944912649561459, 35.24514577213008 ], [ 127.945071882031101, 35.245039577025274 ], [ 127.94527688251128, 35.244864628339343 ], [ 127.945567265501012, 35.24459241076022 ], [ 127.94568235849205, 35.244506808029996 ], [ 127.945804931196449, 35.244419858453455 ], [ 127.94581554881384, 35.244412016945127 ], [ 127.945899568030811, 35.244349983450377 ], [ 127.945963527471633, 35.244295903759586 ], [ 127.946190784311, 35.244059042935909 ], [ 127.946280535533944, 35.243935948459203 ], [ 127.946857342379531, 35.243144833843573 ], [ 127.946938602892473, 35.243000066329024 ], [ 127.947063467123741, 35.242630777922024 ], [ 127.947131886349709, 35.242468882143747 ], [ 127.947467024561092, 35.241675832053289 ], [ 127.947565336667864, 35.241655782648913 ], [ 127.947570984112772, 35.241654631034365 ], [ 127.948323901221229, 35.241652307871497 ], [ 127.948409850704863, 35.241652678362236 ], [ 127.948773443906589, 35.24165424501566 ], [ 127.949570635284488, 35.241686247114259 ], [ 127.950086681398972, 35.241709460390055 ], [ 127.951139204779793, 35.241961525836778 ], [ 127.951422595705452, 35.242036507608312 ], [ 127.951422636327578, 35.242033127890245 ], [ 127.952175324496224, 35.242242020737741 ], [ 127.952730229535121, 35.242420894653975 ], [ 127.953242982593366, 35.242593621001966 ], [ 127.953315095486374, 35.242626425224309 ], [ 127.953616903819608, 35.242763713250078 ], [ 127.954076484764997, 35.242972764572038 ], [ 127.954323861033046, 35.243091792750512 ], [ 127.954890972514036, 35.243342720588828 ], [ 127.955249289145272, 35.243491861334867 ], [ 127.95666209105184, 35.244292548733512 ], [ 127.957484431764854, 35.24440653575035 ], [ 127.958487575045183, 35.244672190465344 ], [ 127.958801001055249, 35.244759324006061 ], [ 127.959962325205282, 35.245082163716532 ], [ 127.962167927914464, 35.245683306949587 ], [ 127.963401902994676, 35.245785698297119 ], [ 127.964435720050332, 35.245871470521948 ], [ 127.964583296606662, 35.245923011395192 ], [ 127.965863052128427, 35.246376583435151 ], [ 127.966781037394696, 35.246518784020218 ], [ 127.967250665184707, 35.246847684581645 ], [ 127.967693489880403, 35.247280285568216 ], [ 127.968879898343999, 35.248492329402289 ], [ 127.969001573635751, 35.248616632941122 ], [ 127.969076679439823, 35.248925426418516 ], [ 127.969116523714121, 35.249089246450751 ], [ 127.969318479825958, 35.249808341173043 ], [ 127.96955530806207, 35.250810932430831 ], [ 127.969676657047586, 35.251097424649736 ], [ 127.969679716975506, 35.251147300937681 ], [ 127.969726987057598, 35.251325856257658 ], [ 127.969951528829142, 35.251312318351189 ], [ 127.970023548371159, 35.251307976506865 ], [ 127.97027135811372, 35.251293034762455 ], [ 127.970315204508935, 35.25124665512628 ], [ 127.970775747497356, 35.250777257216903 ], [ 127.971400269510909, 35.250088157123109 ], [ 127.971394942261327, 35.250129093259467 ], [ 127.971607920775838, 35.25019540469399 ], [ 127.971625100509897, 35.250391863411664 ], [ 127.972167097920931, 35.251178205053996 ], [ 127.971820638363894, 35.251743065183035 ], [ 127.971902278420146, 35.251959651706819 ], [ 127.97172405433561, 35.25252468490433 ], [ 127.971890984034502, 35.252961397310976 ], [ 127.971866830167471, 35.253216144012931 ], [ 127.971828982949361, 35.253615295714688 ], [ 127.97205103828523, 35.254322586589332 ], [ 127.971880349957559, 35.254841487608566 ], [ 127.97205196508591, 35.255403155470084 ], [ 127.971976908798666, 35.255575455724866 ], [ 127.972075840833696, 35.255925541818208 ], [ 127.972257867691525, 35.256112703467998 ], [ 127.972361942295151, 35.256293842853978 ], [ 127.971979626128714, 35.256983597097829 ], [ 127.971984444800256, 35.257770016381151 ], [ 127.972095263192443, 35.258178090876321 ], [ 127.972126695139394, 35.25829905060165 ], [ 127.972328066569361, 35.259061788758522 ], [ 127.972732806317325, 35.259308671233782 ], [ 127.972810148273467, 35.259355848713831 ], [ 127.972806766091693, 35.259383187801475 ], [ 127.972660705921612, 35.260563713010271 ], [ 127.972824284806251, 35.2612407932533 ], [ 127.973097996166459, 35.26168806139404 ], [ 127.97316258196328, 35.261793600196185 ], [ 127.972991375197878, 35.262008604221613 ], [ 127.972971107707238, 35.262034054431844 ], [ 127.972977976877615, 35.26206475283017 ], [ 127.973004177220332, 35.262181868025294 ], [ 127.973030829124241, 35.262301002144746 ], [ 127.9731125580293, 35.263178060365334 ], [ 127.973126477713308, 35.263380108153179 ], [ 127.973143096813814, 35.263621360973538 ], [ 127.97308979941252, 35.263663385457264 ], [ 127.972870987433538, 35.263835921629372 ], [ 127.972856246933247, 35.264028606427082 ], [ 127.972847741347621, 35.264139773510081 ], [ 127.972963729426013, 35.264587593955866 ], [ 127.972782715427627, 35.264998543472913 ], [ 127.972701406699912, 35.265434599519338 ], [ 127.972644368501463, 35.265740484071351 ], [ 127.972641899120433, 35.265753723375362 ], [ 127.972821880887665, 35.265866786033186 ], [ 127.973047233923026, 35.266261614573793 ], [ 127.973030212771064, 35.267214998977295 ], [ 127.972941422350416, 35.26754884481025 ], [ 127.97334387768899, 35.268312874016466 ], [ 127.973223268740355, 35.268670508525176 ], [ 127.973108845438077, 35.269009795390765 ], [ 127.973294806495588, 35.269309089524221 ], [ 127.973547786436839, 35.270025930702339 ], [ 127.973784547644399, 35.270074622177681 ], [ 127.974136821844354, 35.270147070130804 ], [ 127.974434821484664, 35.270208354131405 ], [ 127.974728459076374, 35.270268741095883 ], [ 127.974772153137238, 35.270266567882658 ], [ 127.975028375369376, 35.270253825717369 ], [ 127.975398934643962, 35.270309499731731 ], [ 127.97573689571314, 35.270307433716333 ], [ 127.976489072577905, 35.270459703852765 ], [ 127.977122064540708, 35.27021805493353 ], [ 127.9774548236595, 35.270091029933958 ], [ 127.977984824693777, 35.270561929474312 ], [ 127.978360759899843, 35.270674536731001 ], [ 127.979077026084127, 35.270727342503164 ], [ 127.979171221292006, 35.270747437913251 ], [ 127.979296349363082, 35.270765244844249 ], [ 127.979791957169624, 35.270407371322584 ], [ 127.979954879228941, 35.270253412026101 ], [ 127.980501129495494, 35.270320412716387 ], [ 127.980931771689072, 35.270500495623892 ], [ 127.981221893788742, 35.270568570414738 ], [ 127.982133663487204, 35.270744259248104 ], [ 127.982852552311599, 35.270532593582821 ], [ 127.982889866950401, 35.270521510726255 ], [ 127.983061090642821, 35.270650110155216 ], [ 127.983092807829408, 35.270674774663206 ], [ 127.983107863398715, 35.270686483443917 ], [ 127.983348505648408, 35.270873628091707 ], [ 127.9833750990271, 35.270973010142832 ], [ 127.983456118523151, 35.271275753538127 ], [ 127.983907750880419, 35.271996077731757 ], [ 127.983892001397024, 35.272327368551942 ], [ 127.983882699514282, 35.272522977501993 ], [ 127.983874491956726, 35.272566480934728 ], [ 127.983859434810924, 35.272646292269009 ], [ 127.984125318415536, 35.272823796223477 ], [ 127.984752838297865, 35.273242731050125 ], [ 127.985364946115567, 35.273627966835029 ], [ 127.985414913294989, 35.273840298888331 ], [ 127.9855652407674, 35.274479121796219 ], [ 127.98560604622881, 35.274652535595187 ], [ 127.985512325407612, 35.275188700918427 ], [ 127.985509420576633, 35.275205314533878 ], [ 127.986055323696505, 35.275614268918773 ], [ 127.986104478402979, 35.275651093098759 ], [ 127.986191750244458, 35.276160746682706 ], [ 127.986230924988661, 35.276389523446447 ], [ 127.986270549554618, 35.276620669829967 ], [ 127.986280709592151, 35.276679904420796 ], [ 127.986304732113453, 35.277046538609589 ], [ 127.986300791282105, 35.277114239055194 ], [ 127.986167500508003, 35.277493633263731 ], [ 127.986065135098372, 35.277784991708685 ], [ 127.985664651599436, 35.278438306911632 ], [ 127.98511788561882, 35.279108555109012 ], [ 127.984886026244936, 35.279584288448326 ], [ 127.984968155848208, 35.27978748725824 ], [ 127.984853674701014, 35.280193649648616 ], [ 127.984842210074049, 35.280696921516316 ], [ 127.984831608407816, 35.281162349501749 ], [ 127.984326105014418, 35.281827307834973 ], [ 127.98464064305908, 35.282892913862732 ], [ 127.985002304670516, 35.283479395838441 ], [ 127.985255842525973, 35.283633762057363 ], [ 127.985476738962745, 35.283838262916014 ], [ 127.985300579773508, 35.284665542625675 ], [ 127.985542640405299, 35.285044857571087 ], [ 127.985632576281915, 35.28523516086419 ], [ 127.985713985278849, 35.285407367123895 ], [ 127.985825341570916, 35.285642923058944 ], [ 127.986033340876546, 35.286267283725977 ], [ 127.986228831819801, 35.286854086530944 ], [ 127.986248130586077, 35.286912017409755 ], [ 127.986350202442864, 35.286864776859481 ], [ 127.98784092743719, 35.286173862517508 ], [ 127.988088977386894, 35.286058894520288 ], [ 127.989081687500445, 35.286264163622945 ], [ 127.989160782874748, 35.286280517857932 ], [ 127.989228557746216, 35.28627179312371 ], [ 127.989255364069606, 35.286265215075638 ], [ 127.989329001280737, 35.28624714579982 ], [ 127.989411315974991, 35.286250785636234 ], [ 127.989411892390663, 35.286259037378457 ], [ 127.989414518972794, 35.286296580355014 ], [ 127.989421874419875, 35.286361008837396 ], [ 127.989547343326819, 35.286387963005453 ], [ 127.989595529795793, 35.286346266778757 ], [ 127.989680351191026, 35.286244587860622 ], [ 127.989747107459621, 35.286177761126027 ], [ 127.989777312261737, 35.286147525076167 ], [ 127.989790486241887, 35.28613777856232 ], [ 127.989936358867666, 35.286029856006188 ], [ 127.990054745460682, 35.286122522877747 ], [ 127.990058949764872, 35.286177844390267 ], [ 127.990061460412576, 35.286210881173041 ], [ 127.990110418404498, 35.286251282332124 ], [ 127.990112712228466, 35.286322421821744 ], [ 127.990165715855724, 35.286327930984143 ], [ 127.990886784244552, 35.286248246039015 ], [ 127.99167267252767, 35.286161393614229 ], [ 127.991717442024679, 35.286145147119377 ], [ 127.993433375734156, 35.28552433039237 ], [ 127.994047552995085, 35.285663374468463 ], [ 127.995080898298937, 35.285246016772881 ], [ 127.995197152791505, 35.285199062385715 ], [ 127.995984344103505, 35.285513318829814 ], [ 127.99588268044522, 35.285971136034718 ], [ 127.996002299727067, 35.286833146475459 ], [ 127.996566172207835, 35.287201164329353 ], [ 127.99657204771438, 35.287203462962879 ], [ 127.99701540566177, 35.287376892740689 ], [ 127.997127830082803, 35.287420871442514 ], [ 127.997129916772238, 35.287425814947717 ], [ 127.99716068195707, 35.287500568442255 ], [ 127.997313515746882, 35.287871647413418 ], [ 127.997728815555035, 35.288129425750043 ], [ 127.99791163062217, 35.288395422051963 ], [ 127.998001838437631, 35.288504836829333 ], [ 127.998019763044283, 35.288526580315654 ], [ 127.998036059491412, 35.288535302889926 ], [ 127.998062867857854, 35.288549523963795 ], [ 127.998468628900994, 35.28876478103507 ], [ 127.998772405239905, 35.288993037675127 ], [ 127.998863464571855, 35.28912228364802 ], [ 127.998979696524231, 35.289287253442367 ], [ 127.999089867894426, 35.289315092129122 ], [ 127.999174465872812, 35.289336470150886 ], [ 127.999286220914414, 35.289397249858027 ], [ 127.999474653185487, 35.29003930798082 ], [ 127.999533725678447, 35.290240594325269 ], [ 128.000215806065768, 35.29045508356775 ], [ 128.000840245004014, 35.290336044629733 ], [ 128.001300924326813, 35.290306899824508 ], [ 128.001492335676176, 35.290349181882277 ], [ 128.001915095729061, 35.290617287734406 ], [ 128.002178785631514, 35.290915489149633 ], [ 128.002219459612121, 35.290940829062301 ], [ 128.002784250058909, 35.2912926896282 ], [ 128.002988443102566, 35.291672638390274 ], [ 128.003140990154577, 35.291957661712651 ], [ 128.003948647764389, 35.292935882383752 ], [ 128.004319212216529, 35.29309174027204 ], [ 128.004419294685249, 35.293320281539323 ], [ 128.004467405238785, 35.293886236778718 ], [ 128.004715248192895, 35.294525095131291 ], [ 128.004954222337204, 35.29524302110476 ], [ 128.005062965377562, 35.295683717196468 ], [ 128.005461776118693, 35.296437468470963 ], [ 128.005943703928125, 35.2974111665579 ], [ 128.006281240221568, 35.297572373543517 ], [ 128.006654963490064, 35.29788681773519 ], [ 128.007408037514466, 35.297998488847448 ], [ 128.007585231058613, 35.298121393790723 ], [ 128.007632196141031, 35.298153969425528 ], [ 128.007888190408636, 35.2981500201196 ], [ 128.008021970323881, 35.298124595123774 ], [ 128.008511127899538, 35.298031631310451 ], [ 128.009203194923344, 35.298272629724146 ], [ 128.009763130300627, 35.298193003575733 ], [ 128.00989865237031, 35.298207636559603 ], [ 128.01057280808692, 35.298580302126325 ], [ 128.01102441947657, 35.298552269300579 ], [ 128.011104001108606, 35.298547330808461 ], [ 128.011211581933708, 35.298533810680333 ], [ 128.011444901107438, 35.298504491434393 ], [ 128.011889458653116, 35.298596849682532 ], [ 128.012695286377124, 35.299033101042184 ], [ 128.013425959446948, 35.299618433626215 ], [ 128.013676012614582, 35.300761169354658 ], [ 128.014565001487256, 35.30199825954103 ], [ 128.015186347781224, 35.303116844751173 ], [ 128.016128217372113, 35.302843997225771 ], [ 128.017113428515188, 35.303140434435846 ], [ 128.018840491819446, 35.302764669630292 ], [ 128.018867845271274, 35.302828163564683 ], [ 128.018873504638321, 35.302841298498578 ], [ 128.018985699993806, 35.303101720102852 ], [ 128.019100897029375, 35.303455704830668 ], [ 128.019586620111568, 35.303708594287073 ], [ 128.019618849898819, 35.303725374156329 ], [ 128.01975044116358, 35.303952483613749 ], [ 128.020038984738534, 35.30445047267537 ], [ 128.020043766192373, 35.304458722381518 ], [ 128.020501017225797, 35.304471685396692 ], [ 128.020732921223299, 35.304478259439769 ], [ 128.020815413030448, 35.304546961662481 ], [ 128.021230324733096, 35.304892511774774 ], [ 128.02137667226566, 35.304958201755269 ], [ 128.021472870395627, 35.304960031285923 ], [ 128.022009155796496, 35.304970223129565 ], [ 128.022207263223379, 35.305015674846636 ], [ 128.022675325948313, 35.305123063411692 ], [ 128.023282060989175, 35.305155584639209 ], [ 128.023489181314147, 35.305166685195069 ], [ 128.02446523741682, 35.305201183649622 ], [ 128.024937317453123, 35.305586923517438 ], [ 128.026079395653625, 35.305566285840904 ], [ 128.026312024822744, 35.305700254223844 ], [ 128.026874855310837, 35.305783377044769 ], [ 128.027955703833953, 35.30608795050717 ], [ 128.027962930649608, 35.306089987424201 ], [ 128.029209022574975, 35.306529667046291 ], [ 128.029955917431039, 35.306524641619809 ], [ 128.030220031251076, 35.306522865371932 ], [ 128.03036402803167, 35.306603668772581 ], [ 128.030378135161442, 35.306611585016995 ], [ 128.030957455617909, 35.306794674687971 ], [ 128.031290281108795, 35.306899858898447 ], [ 128.031392030577109, 35.306959305394578 ], [ 128.032050338345584, 35.307343928234886 ], [ 128.03230686701653, 35.307420059348161 ], [ 128.032550425618069, 35.307329763467735 ], [ 128.033298276365571, 35.307317469017008 ], [ 128.033471951545039, 35.307314612896434 ], [ 128.033920952541393, 35.307465789818202 ], [ 128.03411232107527, 35.307575197419354 ], [ 128.034522004804586, 35.307765383117541 ], [ 128.034576249222027, 35.307790563650052 ], [ 128.034621639211707, 35.30781163374759 ], [ 128.035496415749549, 35.306851986072211 ], [ 128.035744588841908, 35.306713286124015 ], [ 128.035995517259948, 35.306566860439602 ], [ 128.036263927723212, 35.306416769810383 ], [ 128.037250454503948, 35.306011871598173 ], [ 128.038709115978889, 35.305377667296938 ], [ 128.038814462132166, 35.305310148665427 ], [ 128.039384384135587, 35.304944861903792 ], [ 128.039578968903953, 35.304820145599678 ], [ 128.04054160768672, 35.304086354481242 ], [ 128.041416202732108, 35.303845720952197 ], [ 128.041880172493563, 35.30401586664707 ], [ 128.041911337503706, 35.304016102103553 ], [ 128.04224450343537, 35.304018612230088 ], [ 128.04278590353465, 35.304441160424446 ], [ 128.043407990834055, 35.304736756034536 ], [ 128.04422466562545, 35.305493801072423 ], [ 128.044730358644443, 35.30596255911545 ], [ 128.045324060700295, 35.306117097574173 ], [ 128.045328699959555, 35.306115071307275 ], [ 128.045875103250609, 35.306518156932427 ], [ 128.046434036477791, 35.307330216425953 ], [ 128.046474951156284, 35.307364198177943 ], [ 128.047281032384745, 35.307839228378796 ], [ 128.048541186884904, 35.307992101757037 ], [ 128.048761913854207, 35.308200015200626 ], [ 128.049205683057778, 35.308692771947953 ], [ 128.049274251479488, 35.308768909823158 ], [ 128.049410102234049, 35.309001630544074 ], [ 128.049475678583974, 35.309113967381059 ], [ 128.04941093548382, 35.309749570155944 ], [ 128.049551573305422, 35.309877376015017 ], [ 128.049669326921048, 35.309984388296968 ], [ 128.050036771649985, 35.310301602603602 ], [ 128.050069535908136, 35.310329888175822 ], [ 128.050169856371241, 35.310434757505014 ], [ 128.052306660039221, 35.312668397936505 ], [ 128.052328823023231, 35.312691564650684 ], [ 128.052281362812465, 35.313430532482343 ], [ 128.05194203902775, 35.313790641584951 ], [ 128.051739544694072, 35.314621895198385 ], [ 128.051401903538306, 35.315910061472714 ], [ 128.05112559934534, 35.317270949081518 ], [ 128.050980197993027, 35.318669477936893 ], [ 128.050982352232097, 35.319256600583671 ], [ 128.050952006508709, 35.320065686967062 ], [ 128.050947908974365, 35.320165349667477 ], [ 128.050916101146953, 35.320938676453927 ], [ 128.050914520738729, 35.320978654332173 ], [ 128.051088397392618, 35.321492915527287 ], [ 128.051729789281069, 35.322591472793818 ], [ 128.052095554784103, 35.323405361937496 ], [ 128.052493126786572, 35.324063468803971 ], [ 128.052837987713332, 35.324527380253059 ], [ 128.053581050233788, 35.325200306519278 ], [ 128.053685018822705, 35.325294487171249 ], [ 128.0539063253498, 35.325561687691575 ], [ 128.054079931483244, 35.325771296893372 ], [ 128.054284106296961, 35.326017812180687 ], [ 128.054594578542861, 35.326389491566417 ], [ 128.054876579376042, 35.326633981585424 ], [ 128.055433425054787, 35.32711675103495 ], [ 128.055522499294568, 35.327193976542752 ], [ 128.056056884552049, 35.327978188959989 ], [ 128.056122200098116, 35.328074039298265 ], [ 128.056433632780653, 35.328379253651505 ], [ 128.056639381171749, 35.329060489472447 ], [ 128.056955932175867, 35.329739209119445 ], [ 128.057401032264835, 35.330579902834444 ], [ 128.057566624769862, 35.331029164416925 ], [ 128.057673057015819, 35.331400791645521 ], [ 128.05774928437404, 35.331732043801857 ], [ 128.058200224379391, 35.332168469562504 ], [ 128.058463559403094, 35.33294716895427 ], [ 128.058615351274597, 35.333571513245658 ], [ 128.05878046175377, 35.333565029041353 ], [ 128.059988904087362, 35.33351755983486 ], [ 128.061065549435654, 35.333475260009131 ], [ 128.061304439134659, 35.333474812920073 ], [ 128.062482079032293, 35.333472608926392 ], [ 128.062520059856524, 35.333449661181881 ], [ 128.062768223863912, 35.333374566657305 ], [ 128.062909885557758, 35.333355244157637 ], [ 128.063140457644693, 35.333299942406214 ], [ 128.063751634248405, 35.333153349002636 ], [ 128.064284523362915, 35.333386185072705 ], [ 128.065201719217356, 35.333459057211563 ], [ 128.066327686188004, 35.333266388129111 ], [ 128.066407814009807, 35.333192179597958 ], [ 128.066832557248006, 35.3327988111485 ], [ 128.066951624204052, 35.332688613972053 ], [ 128.067225552932399, 35.332434849671181 ], [ 128.067805301349381, 35.332516366695579 ], [ 128.068218359867387, 35.33239590558447 ], [ 128.068893152964876, 35.332425820142916 ], [ 128.068930052685715, 35.33242745526826 ], [ 128.070383181329134, 35.332761141862846 ], [ 128.070396467208099, 35.33277124291147 ], [ 128.070572799543811, 35.332905208313719 ], [ 128.070740273724738, 35.333032445462699 ], [ 128.071365856757836, 35.332953610525934 ], [ 128.071403406584494, 35.332953615192366 ], [ 128.072303918074738, 35.332952801804396 ], [ 128.072578881742714, 35.333007166817218 ], [ 128.072757294718429, 35.333042440257813 ], [ 128.073004944797816, 35.333091405501555 ], [ 128.073358737043606, 35.333298447042921 ], [ 128.074117130719458, 35.333742255707257 ], [ 128.074197650083306, 35.333835580312879 ], [ 128.074774706195399, 35.33450437901439 ], [ 128.074759379382158, 35.334552704340666 ], [ 128.074637021607373, 35.334937581639394 ], [ 128.074552235324347, 35.335204268485903 ], [ 128.074306461276024, 35.335875818419666 ], [ 128.074333687223032, 35.335862225205176 ], [ 128.074506878888485, 35.33588110304936 ], [ 128.074989629600537, 35.335933721043958 ], [ 128.075682037490253, 35.336167870247024 ], [ 128.076431729220673, 35.336156709313961 ], [ 128.077333322973544, 35.336463700672567 ], [ 128.078099162027513, 35.33638520146846 ], [ 128.078828663735123, 35.336654462205765 ], [ 128.078872118695017, 35.33667050147676 ], [ 128.079540422069556, 35.336842481183218 ], [ 128.080493166903665, 35.337043804619029 ], [ 128.080926652144655, 35.336789248712208 ], [ 128.081025925970522, 35.336771695625828 ], [ 128.081220970390291, 35.33657453205339 ], [ 128.081232370319242, 35.336563010597857 ], [ 128.081348806373569, 35.336503206834415 ], [ 128.081429552521229, 35.336406508420225 ], [ 128.081469271674194, 35.336374563869782 ], [ 128.081731133930987, 35.336159258190456 ], [ 128.0817627355394, 35.336138232258577 ], [ 128.082728545018483, 35.336005031879836 ], [ 128.082768477606862, 35.335968582892626 ], [ 128.082837755781497, 35.335990511346786 ], [ 128.083007616760057, 35.335991946481428 ], [ 128.083404969071069, 35.3362219709825 ], [ 128.083633726722127, 35.336354395442797 ], [ 128.0841666029946, 35.336632771962861 ], [ 128.084688495123061, 35.336636869029157 ], [ 128.084789214551279, 35.33660567068565 ], [ 128.08480424444852, 35.336591140469089 ], [ 128.084945671634728, 35.336570096329403 ], [ 128.08501586253945, 35.336578661649398 ], [ 128.085054737203421, 35.336583320939255 ], [ 128.085254141759492, 35.336593984676064 ], [ 128.085354573280483, 35.336156832756586 ], [ 128.085377227446713, 35.336058225524567 ], [ 128.085505768654855, 35.336077513886764 ], [ 128.085569985306392, 35.336087150162697 ], [ 128.085591072880902, 35.336061537732732 ], [ 128.085677215141857, 35.336057400101538 ], [ 128.085686586758669, 35.336056911072369 ], [ 128.08573520464833, 35.336035448206793 ], [ 128.085800071227283, 35.336036645109274 ], [ 128.086075934914902, 35.336041690104679 ], [ 128.086100020419849, 35.336039338975965 ], [ 128.086119455910335, 35.336045542067673 ], [ 128.086145229257596, 35.33603799268635 ], [ 128.086167042531059, 35.336031531891649 ], [ 128.08621790913358, 35.336016427384429 ], [ 128.086259195808736, 35.336006184276656 ], [ 128.086312850350765, 35.336010529836813 ], [ 128.08633962435411, 35.336013554050588 ], [ 128.086393219459922, 35.336030995838613 ], [ 128.086429691735987, 35.336043105186519 ], [ 128.086443044019376, 35.336047426177437 ], [ 128.086534325121846, 35.336060369646766 ], [ 128.08663383976608, 35.336067603339835 ], [ 128.086759624298622, 35.336061088695899 ], [ 128.086818204854325, 35.336070401812698 ], [ 128.087145266049532, 35.336146249881509 ], [ 128.08727196222776, 35.336135236312124 ], [ 128.087323908384064, 35.336176890346152 ], [ 128.087418583455445, 35.336117475014404 ], [ 128.087463221453589, 35.336151891563219 ], [ 128.087496999567747, 35.336159043629884 ], [ 128.08751791416239, 35.336163432344676 ], [ 128.087564745628157, 35.33622419785538 ], [ 128.087671245227824, 35.3362368356659 ], [ 128.087743270782056, 35.336204567906066 ], [ 128.087855646677809, 35.336138238666514 ], [ 128.089134734714065, 35.335875679322157 ], [ 128.089646669336702, 35.335794200011335 ], [ 128.090002166373807, 35.335701825236519 ], [ 128.090039513566296, 35.33570436241898 ], [ 128.090254083717582, 35.335719076285926 ], [ 128.090259102500937, 35.335719533277256 ], [ 128.090759778791806, 35.335765132639757 ], [ 128.091156060247528, 35.335871869298785 ], [ 128.091474100481037, 35.335957531157327 ], [ 128.091981410901582, 35.335997259131972 ], [ 128.092269294979417, 35.335918730338314 ], [ 128.092492958912601, 35.335730446894644 ], [ 128.092942967432833, 35.335351617732144 ], [ 128.093281524325619, 35.335294187916411 ], [ 128.09358231489054, 35.3352431641745 ], [ 128.093706272615634, 35.335222134263873 ], [ 128.093792776607273, 35.335207461086128 ], [ 128.093933933389224, 35.335183955212372 ], [ 128.094073597625169, 35.335160698158411 ], [ 128.094247970796232, 35.335151937027526 ], [ 128.094584397538625, 35.335135030038295 ], [ 128.095407354182043, 35.335093673605861 ], [ 128.096208130495967, 35.334946450368648 ], [ 128.096416183302324, 35.334906038825139 ], [ 128.097456643866764, 35.335025637529391 ], [ 128.098205185653001, 35.334954768040191 ], [ 128.099040358708777, 35.334865661949422 ], [ 128.099600600626502, 35.334983923943568 ], [ 128.100038994341162, 35.335076462803777 ], [ 128.100476680285539, 35.33505890693904 ], [ 128.101221355096186, 35.335029033666324 ], [ 128.101547022528422, 35.335015967699313 ], [ 128.101649503241902, 35.335011857316715 ], [ 128.102134800802276, 35.335378516661706 ], [ 128.102597455813509, 35.334735838168974 ], [ 128.102625084594706, 35.334697460299807 ], [ 128.102719130463612, 35.334600993450614 ], [ 128.102786288112213, 35.334503055614384 ], [ 128.10287330331434, 35.334185952525466 ], [ 128.103108453027886, 35.333328981092954 ], [ 128.104070694922711, 35.332999549420265 ], [ 128.104597552817978, 35.332645194660138 ], [ 128.104977129834623, 35.332516903997437 ], [ 128.10560348787601, 35.332535913165806 ], [ 128.106236033512317, 35.332399204383869 ], [ 128.106493509982727, 35.331663032962268 ], [ 128.107407265309234, 35.331792452838762 ], [ 128.107874271738922, 35.331261610600009 ], [ 128.108189310170729, 35.330981331966825 ], [ 128.108327486621874, 35.330858396304173 ], [ 128.108705469049198, 35.330319146072213 ], [ 128.108779317112578, 35.330184572099384 ], [ 128.109279438060923, 35.330491948568159 ], [ 128.109629255278634, 35.330706948448558 ], [ 128.110118704000257, 35.330704910383808 ], [ 128.110204275503975, 35.330749037618759 ], [ 128.110544636097728, 35.330924558413066 ], [ 128.110680835531866, 35.330994794673138 ], [ 128.111228240982257, 35.331354931943025 ], [ 128.111238911769419, 35.331361952555362 ], [ 128.111245995857445, 35.331360827512022 ], [ 128.111425946665207, 35.331332261295728 ], [ 128.111771593500748, 35.331269145430589 ], [ 128.111860230369075, 35.331335840288141 ], [ 128.111895176141815, 35.331362136674016 ], [ 128.112168603734801, 35.331567878603295 ], [ 128.112190923562508, 35.331584673838911 ], [ 128.112315947414231, 35.33167867894506 ], [ 128.112488875597762, 35.331619673621994 ], [ 128.113205191910907, 35.331375058319765 ], [ 128.113587741890001, 35.331244419120203 ], [ 128.113758120232347, 35.331231739591892 ], [ 128.114464657345621, 35.33117915075762 ], [ 128.114557666205002, 35.331172227395399 ], [ 128.114583211808736, 35.331170326640688 ], [ 128.114735317696841, 35.331164987209327 ], [ 128.114611679239204, 35.331128961736667 ], [ 128.114907837091636, 35.330698203191574 ], [ 128.11500403556272, 35.33055828567062 ], [ 128.115103391617765, 35.330476906944675 ], [ 128.115145008414117, 35.330442841715836 ], [ 128.115639590115507, 35.33003811018893 ], [ 128.115724178629989, 35.330076223424349 ], [ 128.116015059907767, 35.33020728732609 ], [ 128.116854954046005, 35.33071942886982 ], [ 128.118058257504629, 35.330995099756485 ], [ 128.119230587232494, 35.331121667148082 ], [ 128.119239013661286, 35.331122576158627 ], [ 128.119245402049472, 35.331135565458531 ], [ 128.119516445314048, 35.331686638018574 ], [ 128.120126543857339, 35.332430507999838 ], [ 128.120132862425976, 35.332438213780058 ], [ 128.120620581296151, 35.332559657324815 ], [ 128.120822759336164, 35.332609998606593 ], [ 128.120848409082157, 35.332616353548794 ], [ 128.121727495376376, 35.332465185290651 ], [ 128.12216575774201, 35.332461334653892 ], [ 128.122247079246876, 35.332494967038755 ], [ 128.122430226914361, 35.332570843486089 ], [ 128.122562908887659, 35.332767984567447 ], [ 128.123463818192846, 35.332897756563177 ], [ 128.123890432731656, 35.332938030079397 ], [ 128.124284640775301, 35.333107206315887 ], [ 128.124616131935511, 35.33346632788745 ], [ 128.124823477077996, 35.333561084794255 ], [ 128.125124127073605, 35.333698482484202 ], [ 128.125201673194198, 35.33373392131012 ], [ 128.125250738234541, 35.333792209802375 ], [ 128.125614331369889, 35.334224166751397 ], [ 128.126021648955259, 35.334363821546866 ], [ 128.126119947293574, 35.334397522980481 ], [ 128.126210938767372, 35.334523427927152 ], [ 128.126360997292011, 35.334731062183735 ], [ 128.126561817458054, 35.334896714406355 ], [ 128.126804954806005, 35.335100284178267 ], [ 128.126900380902129, 35.335203460481594 ], [ 128.127205042805741, 35.335532869275987 ], [ 128.127217080028288, 35.335545879323007 ], [ 128.127251383814553, 35.335550161929397 ], [ 128.127454008103399, 35.335575461897776 ], [ 128.128229942620891, 35.335672340425312 ], [ 128.128565730870633, 35.335834889331913 ], [ 128.128707629272441, 35.335936038119812 ], [ 128.129567947097655, 35.336376274537031 ], [ 128.129897121857908, 35.336435266919956 ], [ 128.130121435930306, 35.336638971261699 ], [ 128.130264483173647, 35.336898133577066 ], [ 128.130408483545693, 35.336964514281824 ], [ 128.130548448931705, 35.337029036767589 ], [ 128.131200664542547, 35.337338637108303 ], [ 128.131249430903608, 35.337361786359892 ], [ 128.131516055920713, 35.337500793695433 ], [ 128.131909421692427, 35.337705874598385 ], [ 128.132010054669536, 35.337758338181047 ], [ 128.13208475429181, 35.33784435517704 ], [ 128.132091457024472, 35.33785088793384 ], [ 128.132175157566024, 35.33793246664775 ], [ 128.132380103609478, 35.338133350159268 ], [ 128.132441499833732, 35.338201244315648 ], [ 128.132475466243733, 35.338215432099439 ], [ 128.132601651886432, 35.33834885636346 ], [ 128.132634916927941, 35.338387544487809 ], [ 128.132754390671948, 35.338561479916464 ], [ 128.132799633954477, 35.338621649924001 ], [ 128.133017830944709, 35.339030629105295 ], [ 128.13309025635516, 35.339120772605 ], [ 128.133101333668492, 35.339115490284513 ], [ 128.133140175028871, 35.339151074344834 ], [ 128.133142892684134, 35.339158082357322 ], [ 128.133189437127186, 35.339277898421877 ], [ 128.133218685546922, 35.339451465559677 ], [ 128.133215674938612, 35.339495346022773 ], [ 128.133213400814412, 35.339528546793943 ], [ 128.133195683613906, 35.339787020016672 ], [ 128.133160848436887, 35.339998131335946 ], [ 128.133149353210882, 35.340067782827397 ], [ 128.133151199734073, 35.340080198238233 ], [ 128.133354727435687, 35.340494136989072 ], [ 128.133467176894698, 35.341190490191956 ], [ 128.133670788188653, 35.341272364475792 ], [ 128.133684605734004, 35.34127792029637 ], [ 128.133993154696952, 35.341401988677454 ], [ 128.134504249426129, 35.341534648399296 ], [ 128.135367482917076, 35.341918644007052 ], [ 128.1353778477947, 35.341923254791588 ], [ 128.13574439557604, 35.341996079993947 ], [ 128.135917689393665, 35.342030479844837 ], [ 128.135964943948238, 35.342026301743289 ], [ 128.136334566533264, 35.34199362206197 ], [ 128.13681630731574, 35.342032412476655 ], [ 128.137142951605568, 35.342089295550167 ], [ 128.137199129233721, 35.342099079250644 ], [ 128.138289743522762, 35.342422468948605 ], [ 128.138357285443305, 35.342552369969766 ], [ 128.13843813201359, 35.342707859627225 ], [ 128.138470911272691, 35.34283891888559 ], [ 128.13851833298699, 35.343028533962574 ], [ 128.138707670802319, 35.343414901956699 ], [ 128.139303414997272, 35.344027244429519 ], [ 128.139309594747317, 35.3440331862381 ], [ 128.14029337996277, 35.34497882854722 ], [ 128.140565375170013, 35.345245945602969 ], [ 128.141457752955546, 35.345491564769702 ], [ 128.142390788877549, 35.346293133380833 ], [ 128.142929590265993, 35.346218006753816 ], [ 128.143186193969768, 35.346334832969362 ], [ 128.143303046192983, 35.34638807890429 ], [ 128.143437731765914, 35.346449449450787 ], [ 128.143569429543703, 35.346689794498722 ], [ 128.143754186799242, 35.347026918349563 ], [ 128.14378164932495, 35.34707702865478 ], [ 128.14413198562292, 35.347219347896946 ], [ 128.144751836519049, 35.347663548964213 ], [ 128.14504961926778, 35.347843239765297 ], [ 128.145520109168729, 35.348352712443308 ], [ 128.145846165216852, 35.348611716489806 ], [ 128.146427690483989, 35.348472924058129 ], [ 128.146751393943248, 35.348395644842874 ], [ 128.147108904992194, 35.348069285039998 ], [ 128.14721289577858, 35.348116157161265 ], [ 128.147251567637511, 35.348133588611248 ], [ 128.147746766306, 35.348541813805731 ], [ 128.148238119500405, 35.348764260629729 ], [ 128.148719749819833, 35.34898229163219 ], [ 128.149124944645735, 35.349193874893537 ], [ 128.149321744058341, 35.349296638230634 ], [ 128.149385132122205, 35.349343527304406 ], [ 128.150162846442441, 35.349918676510413 ], [ 128.150202703664291, 35.349918077994587 ], [ 128.150525151809063, 35.34991320154402 ], [ 128.151355171567758, 35.349666942523683 ], [ 128.151401907292438, 35.349653073598056 ], [ 128.152312820995206, 35.349657220934979 ], [ 128.152331977073629, 35.349657211324136 ], [ 128.152700444147428, 35.349921231739785 ], [ 128.153127338919859, 35.350227230946807 ], [ 128.153742128828128, 35.35079147211394 ], [ 128.153791252284691, 35.350805646686787 ], [ 128.154263737899953, 35.350941990798006 ], [ 128.15483930336822, 35.351108079820492 ], [ 128.154908452487263, 35.351128034258707 ], [ 128.155206157692191, 35.351080779946805 ], [ 128.155359439653097, 35.35105643511379 ], [ 128.155383170514085, 35.351047222993117 ], [ 128.155615645920676, 35.350956968962223 ], [ 128.155989078450403, 35.350834526265075 ], [ 128.156379399488628, 35.350466598826848 ], [ 128.156476238201492, 35.350088681610856 ], [ 128.156590193701163, 35.349643958389159 ], [ 128.156893743988036, 35.349196658412147 ], [ 128.156942989000356, 35.349124095582155 ], [ 128.156932661820491, 35.348706039026382 ], [ 128.156924856545231, 35.348390117401756 ], [ 128.157096861079793, 35.348179794262791 ], [ 128.157307175847222, 35.347922420662464 ], [ 128.157411290909607, 35.347795137886891 ], [ 128.157807718396867, 35.347127711773126 ], [ 128.158118000964379, 35.346730058655318 ], [ 128.158301060098324, 35.346495451058033 ], [ 128.158092043526267, 35.346000755816 ], [ 128.158017470924023, 35.345824263529032 ], [ 128.158720966025044, 35.345304030261971 ], [ 128.158955832803997, 35.345130337638686 ], [ 128.159370236335604, 35.34482368477115 ], [ 128.159884896312775, 35.344172136146341 ], [ 128.16003603926552, 35.344058417884142 ], [ 128.16112403786326, 35.343599565385809 ], [ 128.161436044281118, 35.343470768606174 ], [ 128.162136647407152, 35.343217637482596 ], [ 128.162778439258204, 35.342928856157101 ], [ 128.163165806321132, 35.342754554447218 ], [ 128.16359832813842, 35.342463227961034 ], [ 128.163611649488047, 35.342434342772812 ], [ 128.163776448547253, 35.342077004819622 ], [ 128.16384623996106, 35.341925668881515 ], [ 128.163986509739914, 35.341621510753619 ], [ 128.163983509288613, 35.341587267267272 ], [ 128.163934677710444, 35.341022494851671 ], [ 128.163577356820468, 35.340498959079362 ], [ 128.163654679791023, 35.340128685368676 ], [ 128.163660523176958, 35.340100714040481 ], [ 128.16368768925895, 35.340059408016067 ], [ 128.163976482280702, 35.339620287841612 ], [ 128.16387459700195, 35.339116830060782 ], [ 128.163799925436422, 35.338716919668222 ], [ 128.163776218621194, 35.338149930582532 ], [ 128.164170699111509, 35.337203057006661 ], [ 128.164184986119437, 35.337121391471833 ], [ 128.164294620754987, 35.33649464339917 ], [ 128.164351952389381, 35.336166888217164 ], [ 128.164358808182783, 35.336168161573944 ], [ 128.1644034766706, 35.336176528870702 ], [ 128.164449308783645, 35.336185095336766 ], [ 128.164818015902398, 35.335792652475369 ], [ 128.164843178066434, 35.335778036820237 ], [ 128.165002838003375, 35.335685350214398 ], [ 128.165517103846298, 35.335396265781007 ], [ 128.16585208507243, 35.335051276578717 ], [ 128.16605973352614, 35.33483741880346 ], [ 128.166112449990493, 35.33481609048799 ], [ 128.166204112607232, 35.334779004475678 ], [ 128.166578232956368, 35.334627637611717 ], [ 128.166581042750238, 35.334620878499742 ], [ 128.166865668885521, 35.333932955471141 ], [ 128.166858937941981, 35.333702943107696 ], [ 128.166906837394919, 35.333482457622289 ], [ 128.16693267804385, 35.333455199926597 ], [ 128.166963735255024, 35.333422442087503 ], [ 128.167133815416065, 35.333243060535544 ], [ 128.167677200117623, 35.332767859396341 ], [ 128.168165082326652, 35.332358871353179 ], [ 128.168338486713026, 35.332264439892164 ], [ 128.168594619494826, 35.332124952081884 ], [ 128.168598766092856, 35.332097238736921 ], [ 128.1686701695225, 35.331620042132982 ], [ 128.168715475392503, 35.33159944435674 ], [ 128.169145141219445, 35.331404106861783 ], [ 128.169344820164355, 35.331313326380908 ], [ 128.169405145148147, 35.331247269339045 ], [ 128.169569631930472, 35.331067150701969 ], [ 128.169598441912143, 35.331022572860974 ], [ 128.16981912929009, 35.330515128782615 ], [ 128.169903612481534, 35.330470961935198 ], [ 128.170468933479526, 35.330175425936808 ], [ 128.170476257395677, 35.330165618383546 ], [ 128.170577837215802, 35.330030471086395 ], [ 128.170944719331061, 35.329542342916447 ], [ 128.170963712519608, 35.329517075383706 ], [ 128.171521642225343, 35.329048573033518 ], [ 128.171522975303674, 35.329047454766169 ], [ 128.1715670816059, 35.328950595359579 ], [ 128.17192079160057, 35.328173810379703 ], [ 128.172197075515726, 35.328159019048869 ], [ 128.172214720216346, 35.328158076074615 ], [ 128.172709068177511, 35.32813147353697 ], [ 128.173527664530923, 35.328236610031823 ], [ 128.173551890335744, 35.328115688568502 ], [ 128.173584310325623, 35.327953864773541 ], [ 128.173624248059753, 35.327754491225576 ], [ 128.173664437009819, 35.327553857521636 ], [ 128.174041597179126, 35.326714294500761 ], [ 128.174055753620706, 35.326682846317048 ], [ 128.174074286505288, 35.326641556298277 ], [ 128.174168801148767, 35.326431119457062 ], [ 128.175383315489711, 35.32565895093623 ], [ 128.175486432839932, 35.325539667590256 ], [ 128.175688239005154, 35.325279108289507 ], [ 128.17592786554772, 35.324983741758992 ], [ 128.176178680572207, 35.324745058174607 ], [ 128.176607715154915, 35.324573025896619 ], [ 128.177001599325536, 35.32441507291729 ], [ 128.177164474783638, 35.324299628264704 ], [ 128.177299739484937, 35.32420375112661 ], [ 128.17738713490931, 35.324012209255066 ], [ 128.177435173712155, 35.323906925647329 ], [ 128.177590679256127, 35.323566101206815 ], [ 128.177698284777335, 35.323330110481145 ], [ 128.177754554917442, 35.323206696609994 ], [ 128.178070178265415, 35.322854238528201 ], [ 128.178090855921852, 35.322831144278922 ], [ 128.178207186108551, 35.322764626253097 ], [ 128.178427199190224, 35.322638816524993 ], [ 128.178460619440045, 35.321900674758695 ], [ 128.178481575483232, 35.321638869428554 ], [ 128.178483537998062, 35.321614352691086 ], [ 128.178485804758026, 35.321585957043425 ], [ 128.178625444211008, 35.321455838902068 ], [ 128.178833713719229, 35.321261767208355 ], [ 128.178848444585782, 35.321248042158381 ], [ 128.178958309222111, 35.320552949670578 ], [ 128.17902676275375, 35.320225006492279 ], [ 128.179071214963102, 35.320135748874662 ], [ 128.179059189376062, 35.319914566944519 ], [ 128.179040806523147, 35.319600394864963 ], [ 128.178255864532503, 35.319003711254993 ], [ 128.177970846303054, 35.318592951867849 ], [ 128.177896929531698, 35.318486263476956 ], [ 128.177977029199411, 35.318075258037673 ], [ 128.178048450377759, 35.317708795276097 ], [ 128.178055636275673, 35.317638941839448 ], [ 128.178075519754628, 35.317445485822681 ], [ 128.177568162386848, 35.316653953577593 ], [ 128.177418134249848, 35.316610309104028 ], [ 128.176663051098615, 35.316390641852173 ], [ 128.176081395369096, 35.31602164393297 ], [ 128.175857242675562, 35.315934341615652 ], [ 128.175536685438686, 35.315809490707672 ], [ 128.175328051352352, 35.315728228491039 ], [ 128.175159226676811, 35.315664326321667 ], [ 128.174903318418359, 35.31556745781694 ], [ 128.173973459619276, 35.314672616213919 ], [ 128.173232161746228, 35.314674432047823 ], [ 128.172822459325175, 35.31421167999418 ], [ 128.172631199198861, 35.313995611326476 ], [ 128.172694497651179, 35.313901777889441 ], [ 128.172905528796264, 35.313588949126817 ], [ 128.173192068654771, 35.312590747270683 ], [ 128.173224138238226, 35.312216782242203 ], [ 128.173260519314766, 35.312153662487233 ], [ 128.173558904630113, 35.311635350818356 ], [ 128.173796680485594, 35.311222511649923 ], [ 128.173917827590799, 35.310613134298222 ], [ 128.173792039776885, 35.310405587539137 ], [ 128.173524633898325, 35.309964380834849 ], [ 128.173439749120519, 35.30982432180285 ], [ 128.173207350528827, 35.309580036824883 ], [ 128.173105048077957, 35.309472498819432 ], [ 128.172995398315777, 35.308903638616677 ], [ 128.17290026690128, 35.308410649358102 ], [ 128.17272740490111, 35.308244979333629 ], [ 128.172797829976503, 35.3081519311691 ], [ 128.173612061140858, 35.307076111825879 ], [ 128.174015403495844, 35.306194324877957 ], [ 128.174286081327608, 35.305812551442607 ], [ 128.174310365656197, 35.305778298358241 ], [ 128.174465521384548, 35.305559456153112 ], [ 128.174299581419803, 35.304942054210912 ], [ 128.174473308447062, 35.304448518673986 ], [ 128.174406753535209, 35.304254199561704 ], [ 128.17425311225881, 35.303805624825308 ], [ 128.174213290641404, 35.303689359963222 ], [ 128.174367858143341, 35.303475092616317 ], [ 128.174470730471455, 35.303376084547722 ], [ 128.174760460701492, 35.303097113997921 ], [ 128.174925077581236, 35.302273690083311 ], [ 128.17509905230861, 35.301587301167693 ], [ 128.17510324417043, 35.301570768039646 ], [ 128.176012545386499, 35.301129070885366 ], [ 128.176165658235078, 35.301054697502011 ], [ 128.176226398097981, 35.300486453866156 ], [ 128.176631098499428, 35.300310637104083 ], [ 128.177056164392837, 35.300075899326217 ], [ 128.177163616180593, 35.300016558803911 ], [ 128.177335921372901, 35.299523845598586 ], [ 128.177554624892736, 35.298945825879642 ], [ 128.177432194356982, 35.297983131309451 ], [ 128.177364840113739, 35.297923783168159 ], [ 128.176588829738222, 35.29724000712352 ], [ 128.175998453501734, 35.296534648288144 ], [ 128.176000505181577, 35.296506008515252 ], [ 128.176008766877459, 35.29639065563731 ], [ 128.17581609110286, 35.296196765979417 ], [ 128.175561164927359, 35.295940228822566 ], [ 128.175307788669699, 35.29568525137622 ], [ 128.175139017928046, 35.295404285418208 ], [ 128.175040837688471, 35.295240841434563 ], [ 128.174967763730194, 35.29511919255372 ], [ 128.174510912373364, 35.294926090348419 ], [ 128.174440252342066, 35.294780696377885 ], [ 128.174206641179495, 35.294300137795027 ], [ 128.174296636193048, 35.294088868551988 ], [ 128.174567019646787, 35.293454102390712 ], [ 128.174602306306895, 35.293371266661879 ], [ 128.174597587293334, 35.293354188122642 ], [ 128.174592467664553, 35.29333601357196 ], [ 128.174426824799184, 35.292748165836294 ], [ 128.174473252377481, 35.292599616723862 ], [ 128.174701762292642, 35.291868452429057 ], [ 128.174717171282254, 35.291855885423189 ], [ 128.174764228316803, 35.291817229392663 ], [ 128.175043242236512, 35.291588005619388 ], [ 128.175506586330641, 35.291206985629508 ], [ 128.175866484148372, 35.290910971630083 ], [ 128.176120448137453, 35.290702082969986 ], [ 128.176152395711227, 35.290616636133976 ], [ 128.176515790110585, 35.289644650949867 ], [ 128.176554507913011, 35.289541094662383 ], [ 128.176548736060624, 35.289517248659074 ], [ 128.176538312492283, 35.289474386997171 ], [ 128.176499929317288, 35.289316519151939 ], [ 128.176642866677184, 35.288788944665022 ], [ 128.176691023499927, 35.288611200289374 ], [ 128.176714688390518, 35.288523853794821 ], [ 128.17703785830571, 35.288218200807954 ], [ 128.177890698262019, 35.287509020917376 ], [ 128.177985918341705, 35.287442399495866 ], [ 128.17887444058249, 35.286820729915675 ], [ 128.178886432469369, 35.286801593880007 ], [ 128.179548289189455, 35.285745427265745 ], [ 128.179923566402977, 35.285596797182535 ], [ 128.180524311720518, 35.285358861227706 ], [ 128.18096895334395, 35.285260203710052 ], [ 128.181027399325728, 35.285245815670471 ], [ 128.181009470876774, 35.285202293316438 ], [ 128.180444417390845, 35.283830471901517 ], [ 128.180302316674727, 35.283701773603127 ], [ 128.180200113060749, 35.283609255243803 ], [ 128.180115911912395, 35.283468983564326 ], [ 128.179869703859453, 35.283052150089937 ], [ 128.179835080301018, 35.28300319406862 ], [ 128.17957592703803, 35.282636257774413 ], [ 128.179366260264118, 35.282198827289314 ], [ 128.179342727700032, 35.281988130240698 ], [ 128.179316269878939, 35.281750792313417 ], [ 128.179295394220588, 35.281564050603755 ], [ 128.179322758615541, 35.281337226974806 ], [ 128.179329878024021, 35.281278824793148 ], [ 128.179596469806398, 35.280603106247383 ], [ 128.179760557481387, 35.28004853590086 ], [ 128.179888266587085, 35.279616895777153 ], [ 128.180023084466256, 35.279343898803425 ], [ 128.180151678011867, 35.279083424051514 ], [ 128.180160011430786, 35.27906654551397 ], [ 128.180971895768948, 35.278582820988063 ], [ 128.181780156448468, 35.277869931120016 ], [ 128.182203727571704, 35.277547336356456 ], [ 128.182653990455435, 35.277380127719432 ], [ 128.182941833613995, 35.277327008065292 ], [ 128.183383406561063, 35.276554736444979 ], [ 128.183547084729554, 35.276462651735997 ], [ 128.183738842099103, 35.276354767543808 ], [ 128.184293136702138, 35.275908563461861 ], [ 128.184813972262361, 35.27536354522973 ], [ 128.185002257194753, 35.275353314569195 ], [ 128.185143657184994, 35.275345635818184 ], [ 128.185450389716806, 35.275328979053256 ], [ 128.186055365666192, 35.275449491292456 ], [ 128.186561097210159, 35.275331401799093 ], [ 128.187063240934322, 35.275427398740661 ], [ 128.187921430647322, 35.274884118857777 ], [ 128.188457362609768, 35.274007501414914 ], [ 128.188555608307809, 35.273846805463961 ], [ 128.18859688899613, 35.273788642883041 ], [ 128.188758725926107, 35.273566656374811 ], [ 128.189545845474726, 35.272653878159851 ], [ 128.190010429251146, 35.272212240228512 ], [ 128.19014796249931, 35.272081496367896 ], [ 128.190145726736347, 35.272071716859514 ], [ 128.190143022291664, 35.272059828286316 ], [ 128.190009791804499, 35.271474808924651 ], [ 128.189955873030158, 35.271238053482136 ], [ 128.189869675764356, 35.271039913548343 ], [ 128.189768200109569, 35.270806700471226 ], [ 128.18956500989654, 35.270526983051042 ], [ 128.189523422087717, 35.270469743268563 ], [ 128.189562804088894, 35.270239965024864 ], [ 128.189572387011737, 35.270184039488093 ], [ 128.189873198276587, 35.270015656799103 ], [ 128.190546334387477, 35.269655504369112 ], [ 128.19075340567727, 35.269544712033174 ], [ 128.190850096797874, 35.269130055284464 ], [ 128.190935989861572, 35.268152577833419 ], [ 128.191196367807834, 35.267524942644606 ], [ 128.191213913879409, 35.267479015306698 ], [ 128.191229524254595, 35.267446728853685 ], [ 128.191317851971178, 35.267251863876922 ], [ 128.191734387943455, 35.267314760401774 ], [ 128.192418318738532, 35.267188513372872 ], [ 128.192827914708289, 35.266942014670832 ], [ 128.192863837998544, 35.266920395806928 ], [ 128.193767643471944, 35.266748423486035 ], [ 128.194298695242253, 35.266414598715727 ], [ 128.194568352009384, 35.266245087442236 ], [ 128.194582916439828, 35.266211005002432 ], [ 128.194736141984833, 35.265852449570986 ], [ 128.19553483505166, 35.265675118323351 ], [ 128.195728846664878, 35.265632042181167 ], [ 128.195380591361982, 35.265103952436981 ], [ 128.195217945632493, 35.264857317595393 ], [ 128.195070807894865, 35.264631155396785 ], [ 128.195378259755984, 35.264446069532582 ], [ 128.195483125637196, 35.264382942333988 ], [ 128.195461653957921, 35.264288439593962 ], [ 128.195446233751284, 35.263982459332752 ], [ 128.19579072505735, 35.263248772441742 ], [ 128.195713273248884, 35.261550133837595 ], [ 128.195735857096111, 35.260474211533634 ], [ 128.19573612308659, 35.260204100043978 ], [ 128.195523204529167, 35.259451493622834 ], [ 128.195129392898224, 35.259045389746944 ], [ 128.194916359116917, 35.258824276345244 ], [ 128.194996788651594, 35.258253752189596 ], [ 128.194660421865933, 35.257917467672755 ], [ 128.19398410804348, 35.257139091073334 ], [ 128.193967604317606, 35.257115745558508 ], [ 128.19392545528504, 35.256933650626316 ], [ 128.193887161948595, 35.256626612507063 ], [ 128.193877827833006, 35.256551796532605 ], [ 128.193865491731202, 35.256452877731981 ], [ 128.193962330023879, 35.256408531233831 ], [ 128.194488000698158, 35.256167790081783 ], [ 128.194728992908352, 35.256057422007288 ], [ 128.194822828789341, 35.256013539295814 ], [ 128.195322962658992, 35.255778726363751 ], [ 128.195831333959717, 35.255718599480474 ], [ 128.196064882343506, 35.255688113844627 ], [ 128.196239884859438, 35.25566527187641 ], [ 128.196602952963985, 35.25535025481701 ], [ 128.196892875118351, 35.255095309732859 ], [ 128.19714843833475, 35.254846691553908 ], [ 128.1977684872937, 35.254243478222818 ], [ 128.198439079499167, 35.254105972788452 ], [ 128.198848077200893, 35.253992635806569 ], [ 128.198952794441993, 35.253963618042206 ], [ 128.19947139942343, 35.25382256554451 ], [ 128.199648106685856, 35.253747962990026 ], [ 128.200121698558888, 35.25354788316109 ], [ 128.200248560524301, 35.253494241916613 ], [ 128.200793127661257, 35.253520500539366 ], [ 128.201080136094532, 35.253576949770398 ], [ 128.201359846927573, 35.253631983493662 ], [ 128.201489734897024, 35.253657630094061 ], [ 128.202098696561848, 35.254401999789785 ], [ 128.202282928335563, 35.254627417364844 ], [ 128.202427745352509, 35.254774910042009 ], [ 128.202825025290565, 35.255179524809868 ], [ 128.202932238671394, 35.255863966708134 ], [ 128.202996572717183, 35.256516288927564 ], [ 128.203180980453681, 35.257075330314592 ], [ 128.203435145167077, 35.257700461357643 ], [ 128.203296964024958, 35.258520030458506 ], [ 128.204007357507891, 35.259422644061388 ], [ 128.204173312569537, 35.260158585640923 ], [ 128.204450876538061, 35.260911600619359 ], [ 128.204974443374454, 35.261740730056808 ], [ 128.205774548582667, 35.2621996060291 ], [ 128.205952172854722, 35.26294674946751 ], [ 128.206999496391148, 35.263386818904571 ], [ 128.207229605187166, 35.2635556467039 ], [ 128.20789566628639, 35.264044320510372 ], [ 128.208047119960156, 35.264140375902343 ], [ 128.20836330792082, 35.264306340740156 ], [ 128.208409287754478, 35.264330474649043 ], [ 128.209700878946933, 35.264994883634031 ], [ 128.210896093622324, 35.264803622819208 ], [ 128.211808855462039, 35.265275837281401 ], [ 128.212837395267655, 35.265137362780713 ], [ 128.214365831014021, 35.264564624336614 ], [ 128.214402236959899, 35.264590000896966 ], [ 128.214430196773037, 35.264601029274218 ], [ 128.214438417610808, 35.264604237604246 ], [ 128.214444145259876, 35.264606470609763 ], [ 128.214507113150972, 35.26462039042238 ], [ 128.214567697090814, 35.264613468396803 ], [ 128.214678183565383, 35.26455208579776 ], [ 128.214698892245167, 35.264541379540802 ], [ 128.214748262149669, 35.264523672834798 ], [ 128.214752541894939, 35.264523276060025 ], [ 128.214783451207921, 35.264520387516995 ], [ 128.215141788867669, 35.264521863246308 ], [ 128.21514403832785, 35.264521875197637 ], [ 128.215422888801129, 35.264015809133461 ], [ 128.216859275116377, 35.264629621473162 ], [ 128.217652771208691, 35.264873052913167 ], [ 128.218648682709755, 35.264902864446626 ], [ 128.21947846052953, 35.264683193229565 ], [ 128.22001063534114, 35.264401870688374 ], [ 128.220126175464173, 35.264316235720926 ], [ 128.220950753688072, 35.263705063857991 ], [ 128.221568971171905, 35.263246837659629 ], [ 128.222780101051512, 35.262619210033598 ], [ 128.223756283387985, 35.261950207403729 ], [ 128.224896839559165, 35.260983344628627 ], [ 128.225078618545297, 35.26082924830618 ], [ 128.226057551084551, 35.260338998691566 ], [ 128.226690680802051, 35.260021916967403 ], [ 128.227538020720914, 35.259543030497056 ], [ 128.228794324759178, 35.258758604361425 ], [ 128.229357432986689, 35.258311824194188 ], [ 128.230260164768453, 35.257293327223472 ], [ 128.231438062488422, 35.256177845576438 ], [ 128.231915306235067, 35.255903592553487 ], [ 128.232237933280857, 35.255718190012452 ], [ 128.233799940433585, 35.254966641428375 ], [ 128.235167382823192, 35.254480567509944 ], [ 128.236838203245298, 35.254031408955392 ], [ 128.236840707824854, 35.254030734575529 ], [ 128.238230654022203, 35.253657064030833 ], [ 128.23890616159639, 35.253595017103741 ], [ 128.239516038796665, 35.253538997611052 ], [ 128.239902167906678, 35.253503527522653 ], [ 128.242452559891802, 35.253366329106697 ], [ 128.24434403539351, 35.253402193415901 ], [ 128.245058367876368, 35.253415739868949 ], [ 128.245945398709949, 35.253510032538557 ], [ 128.246403918731573, 35.253558772275625 ], [ 128.246874905233426, 35.253659819164923 ], [ 128.246961614827967, 35.253678420319105 ], [ 128.247351800757286, 35.25376212162903 ], [ 128.247810947194154, 35.253877506172621 ], [ 128.247908661509598, 35.253902061861893 ], [ 128.248596007276717, 35.254116874000395 ], [ 128.249310199841148, 35.254273342255694 ], [ 128.249354875494845, 35.254283127453562 ], [ 128.249846940216742, 35.254396587175854 ], [ 128.25026254676817, 35.254492407815626 ], [ 128.250275773170188, 35.254495052489865 ], [ 128.251087705575259, 35.254657086967256 ], [ 128.252062077213338, 35.254858735309618 ], [ 128.25269395978421, 35.254963900723816 ], [ 128.252708070080331, 35.254966300687691 ], [ 128.253424386567701, 35.255088123950692 ], [ 128.254092530539793, 35.255151972112081 ], [ 128.254946368671284, 35.255319335090171 ], [ 128.25580033039958, 35.255490639699005 ], [ 128.256693469409953, 35.255640204439381 ], [ 128.257649070480596, 35.25581226692892 ], [ 128.258669627501035, 35.255997814888367 ], [ 128.258909993481666, 35.256032376588337 ], [ 128.259618008696151, 35.256036586529369 ], [ 128.261255188335269, 35.256064352341937 ], [ 128.261543400296972, 35.256065649608033 ], [ 128.262127178624098, 35.256068271500943 ], [ 128.263306422254459, 35.256080258823765 ], [ 128.263442020866933, 35.256082478103458 ], [ 128.264144208324637, 35.256093967656518 ], [ 128.264403547024585, 35.256098210397901 ], [ 128.265809417874522, 35.256125898608865 ], [ 128.265821641843019, 35.256126136832876 ], [ 128.26639711307692, 35.256131183748401 ], [ 128.267189782825369, 35.256152511318952 ], [ 128.267965345977444, 35.256173366992442 ], [ 128.268875709156902, 35.25619562263811 ], [ 128.26909861876976, 35.25620107141453 ], [ 128.269769408430648, 35.256226319769567 ], [ 128.269896644236013, 35.256231109712061 ], [ 128.270760160336408, 35.256452929192967 ], [ 128.271116758258273, 35.256546108912602 ], [ 128.271359850097554, 35.256609630043563 ], [ 128.272278769016737, 35.256856693995516 ], [ 128.272997720484369, 35.257079027742414 ], [ 128.274044633626033, 35.257400240408309 ], [ 128.27404180920874, 35.257393845741291 ], [ 128.274243159227154, 35.257372882934817 ], [ 128.274249976876121, 35.257372173872795 ], [ 128.274849849831611, 35.257309721326081 ], [ 128.275356293743471, 35.2572410793926 ], [ 128.275445516642435, 35.257227951771767 ], [ 128.27552787560731, 35.257214367646554 ], [ 128.275987599979658, 35.257098351688022 ], [ 128.275990437007266, 35.257097635595393 ], [ 128.276216367213749, 35.257040619681746 ], [ 128.276626101922943, 35.256937169465417 ], [ 128.277388270602586, 35.256818361786081 ], [ 128.277835980920031, 35.256613464581513 ], [ 128.278445945165487, 35.256098700019948 ], [ 128.279418104478168, 35.255785250232229 ], [ 128.279728245232349, 35.2556814743429 ], [ 128.280512023676494, 35.2551952084061 ], [ 128.280897843729463, 35.254745440901161 ], [ 128.281908082279955, 35.253810288966385 ], [ 128.282187623525886, 35.253651678723074 ], [ 128.282598896485894, 35.253418529919713 ], [ 128.282748410955378, 35.253333771725785 ], [ 128.282999077787366, 35.253232449661724 ], [ 128.283224655911567, 35.253141265636046 ], [ 128.283510844519014, 35.253025802409233 ], [ 128.284515796848325, 35.252607861045249 ], [ 128.28537581005952, 35.252291001524107 ], [ 128.286290228922496, 35.251669426403744 ], [ 128.28633997803891, 35.251635608502937 ], [ 128.286352866329537, 35.251626847904546 ], [ 128.286354959746632, 35.251559291400326 ], [ 128.286694766011038, 35.251636050840666 ], [ 128.288345739405827, 35.251980247497869 ], [ 128.288365289947478, 35.251984322850305 ], [ 128.288386456914054, 35.251985505906013 ], [ 128.28887235806414, 35.252012663578675 ], [ 128.289338792457528, 35.252193131414998 ], [ 128.289561109776628, 35.25247089096284 ], [ 128.289607800496157, 35.252721409593555 ], [ 128.28966327402, 35.253019043046947 ], [ 128.290197142343231, 35.253156644394224 ], [ 128.290465124062422, 35.253225714601641 ], [ 128.291325399866764, 35.253298429661783 ], [ 128.291911844706533, 35.25334798062439 ], [ 128.292125861606223, 35.253298308542227 ], [ 128.292477240656808, 35.253216684613427 ], [ 128.293562382940905, 35.253445068742543 ], [ 128.293929069017082, 35.253028852213731 ], [ 128.294230820823287, 35.252996857022495 ], [ 128.294427588108931, 35.252975990878056 ], [ 128.294674604783665, 35.252736788702627 ], [ 128.295038770955387, 35.252384131980683 ], [ 128.295608574711878, 35.252129734220389 ], [ 128.296138928092518, 35.251650898962147 ], [ 128.297100208614893, 35.250914605266807 ], [ 128.297893013732278, 35.250586144463092 ], [ 128.297907070364687, 35.250580322521536 ], [ 128.298374819828922, 35.250135210854623 ], [ 128.298557528080039, 35.249961340394165 ], [ 128.298637403644534, 35.249885331150438 ], [ 128.298627839219023, 35.249846399428215 ], [ 128.298490455866158, 35.249287211019798 ], [ 128.298232330745208, 35.248821118213421 ], [ 128.29841666293396, 35.248328716001957 ], [ 128.298081552240802, 35.247673449232565 ], [ 128.297438643125503, 35.246617709128842 ], [ 128.297070537548876, 35.246384740312422 ], [ 128.296281370446962, 35.246225088001886 ], [ 128.296071550485721, 35.245930802724473 ], [ 128.2957723135317, 35.244942672108294 ], [ 128.295599952739707, 35.244606351312328 ], [ 128.295320454088113, 35.244213061214644 ], [ 128.294799557970663, 35.243823445215334 ], [ 128.294559781171387, 35.243541509389232 ], [ 128.294266672929894, 35.243372909741218 ], [ 128.294013641588691, 35.24315496896569 ], [ 128.293856232236777, 35.242819018997892 ], [ 128.29407830859742, 35.242113763871025 ], [ 128.293801991115799, 35.240953523328344 ], [ 128.293765116523474, 35.240798683589951 ], [ 128.294936684779799, 35.240581613353257 ], [ 128.295653586282867, 35.240279057997817 ], [ 128.296021096349449, 35.240220641683038 ], [ 128.296281654531157, 35.240064853252392 ], [ 128.296599967211364, 35.239739834819559 ], [ 128.297216264145362, 35.239577244503131 ], [ 128.297305219148711, 35.239293846887364 ], [ 128.297444296349084, 35.239021224939904 ], [ 128.297466033706655, 35.238978617135963 ], [ 128.297429117178183, 35.2388757939447 ], [ 128.297336472711464, 35.238617758559172 ], [ 128.297392674902397, 35.238233052043306 ], [ 128.297382744677321, 35.238010340480876 ], [ 128.297382277959883, 35.237989717642904 ], [ 128.29737977333005, 35.23787878431451 ], [ 128.297547833036845, 35.23749362291661 ], [ 128.298816377800051, 35.237634771690743 ], [ 128.299379604460199, 35.237779837295761 ], [ 128.299679881331144, 35.237719776510446 ], [ 128.300932239611029, 35.237959810572129 ], [ 128.301148132314069, 35.238072362020752 ], [ 128.301712543953698, 35.238366602456793 ], [ 128.302438696782588, 35.237845867559038 ], [ 128.302510956446639, 35.237726148630415 ], [ 128.302539781737892, 35.237682428947231 ], [ 128.302634441423095, 35.237538846352493 ], [ 128.302726955896787, 35.23741939692048 ], [ 128.303541729067661, 35.237185806901991 ], [ 128.303585501478381, 35.236974192499218 ], [ 128.303681763573508, 35.236508800942062 ], [ 128.304496233547923, 35.235006170811602 ], [ 128.304506411023311, 35.234964410420417 ], [ 128.304512070151873, 35.234941195141566 ], [ 128.30454906147969, 35.234788895489856 ], [ 128.305344161790401, 35.234405054786919 ], [ 128.305440058515501, 35.234358804329524 ], [ 128.305856061007802, 35.23415815999779 ], [ 128.306133861125431, 35.233968370391054 ], [ 128.306324917400048, 35.233723847248129 ], [ 128.306383239448508, 35.233648985409296 ], [ 128.306720539410321, 35.233023240975136 ], [ 128.3068755712697, 35.232816114353042 ], [ 128.306919399672182, 35.232757616968897 ], [ 128.30700700968103, 35.232640687385498 ], [ 128.307253975526407, 35.231877530823738 ], [ 128.307720811432972, 35.230430773472321 ], [ 128.307883419272912, 35.229918230340338 ], [ 128.307991855549858, 35.229780977818081 ], [ 128.308036635490396, 35.22960224009018 ], [ 128.308093304957112, 35.229376243477574 ], [ 128.307804211709765, 35.229019834787053 ], [ 128.307685475470521, 35.228431330668663 ], [ 128.307479303928943, 35.227991591756087 ], [ 128.307328483039328, 35.22782627027663 ], [ 128.307211313395328, 35.227697837346547 ], [ 128.307174979566156, 35.227623808254741 ], [ 128.306341827656439, 35.22592624769441 ], [ 128.306085559873253, 35.225486508014278 ], [ 128.306228520638882, 35.225184962717513 ], [ 128.306108753732474, 35.224891902672056 ], [ 128.305940757250397, 35.224480827046477 ], [ 128.30592086377996, 35.224432149719547 ], [ 128.30581683380754, 35.223934283213048 ], [ 128.30598431044271, 35.223613103145425 ], [ 128.306315830993611, 35.222977357344654 ], [ 128.30676613620048, 35.22237704855349 ], [ 128.306989363844451, 35.222048855516057 ], [ 128.307142751013401, 35.221823343199198 ], [ 128.307166623112835, 35.221817735169182 ], [ 128.307254600931515, 35.221797058165578 ], [ 128.307310070374513, 35.221784023242989 ], [ 128.307356794210193, 35.221678443094049 ], [ 128.307363616737547, 35.221663026637621 ], [ 128.307430294163339, 35.221512351961621 ], [ 128.30744842298202, 35.221513982105954 ], [ 128.308830603150398, 35.221638243342248 ], [ 128.308873876031015, 35.221631795724903 ], [ 128.309342844238216, 35.221561910690546 ], [ 128.309897671792584, 35.2217151789729 ], [ 128.310502937888884, 35.221841161174879 ], [ 128.311345774195189, 35.222022710326527 ], [ 128.311419468933224, 35.222035712729785 ], [ 128.311875373874869, 35.222116133535025 ], [ 128.312217816017494, 35.222095283401984 ], [ 128.31272102581633, 35.222093921290323 ], [ 128.313287323432348, 35.22197391123126 ], [ 128.313835559394676, 35.221883510318385 ], [ 128.314048766891261, 35.221881346392934 ], [ 128.314522248678486, 35.221905991816854 ], [ 128.3146481236613, 35.221860028313387 ], [ 128.314796088969644, 35.221805936124191 ], [ 128.314960636714062, 35.221898625759707 ], [ 128.315209688759666, 35.222037354875575 ], [ 128.315332461476771, 35.222276894335096 ], [ 128.315429035387041, 35.222465309945768 ], [ 128.315474377233045, 35.222479731650843 ], [ 128.316099132402883, 35.222678439068787 ], [ 128.31623057739867, 35.222720245584988 ], [ 128.316234245549538, 35.222721372296867 ], [ 128.317293258363009, 35.222252647922403 ], [ 128.317511847676855, 35.22215671010985 ], [ 128.317537829131908, 35.22214148831096 ], [ 128.317625165726554, 35.222090311492984 ], [ 128.317731924097131, 35.222027676512454 ], [ 128.317810791069491, 35.221976304303844 ], [ 128.318302670139303, 35.221666284633841 ], [ 128.318784866398033, 35.220977672413802 ], [ 128.319291341305586, 35.220617620382939 ], [ 128.319712880969291, 35.22069770415419 ], [ 128.320132242208729, 35.220619935963008 ], [ 128.320381146392293, 35.220223345999884 ], [ 128.320304408079949, 35.219486786650457 ], [ 128.32043714141102, 35.219313324491758 ], [ 128.320689767942156, 35.219024203337369 ], [ 128.32091181855003, 35.218430865489061 ], [ 128.321093312512602, 35.218336678595641 ], [ 128.321222077601306, 35.218288397519594 ], [ 128.321378154041497, 35.218217728027945 ], [ 128.321538368185912, 35.217685507861468 ], [ 128.32156877777382, 35.217584490014794 ], [ 128.321905466309005, 35.21696771211063 ], [ 128.321945428865035, 35.21680611121517 ], [ 128.321993079058245, 35.216195173224612 ], [ 128.322153602843997, 35.215732236966666 ], [ 128.322167854126207, 35.21569113264929 ], [ 128.322106789785607, 35.215611635887832 ], [ 128.32198858261188, 35.215457746204166 ], [ 128.32184179311875, 35.215177449046578 ], [ 128.321733685408645, 35.214971015418051 ], [ 128.321953648402626, 35.214521587010317 ], [ 128.322014182309744, 35.214321661987775 ], [ 128.322238436424612, 35.213913481952339 ], [ 128.322297503811058, 35.213805970997647 ], [ 128.322690275740712, 35.213272872556452 ], [ 128.322909961770847, 35.213273261320502 ], [ 128.323598351694386, 35.213195573861761 ], [ 128.324245312079228, 35.212490949006401 ], [ 128.324947489097298, 35.211893383361414 ], [ 128.325026255359347, 35.211808708072631 ], [ 128.325092411865171, 35.211737589783837 ], [ 128.325298849082287, 35.211600418418442 ], [ 128.325476845685927, 35.211482146894951 ], [ 128.325705295955515, 35.211436810637956 ], [ 128.326227117066338, 35.211333250609904 ], [ 128.326462346531883, 35.210922061898607 ], [ 128.326559364584909, 35.21027168247457 ], [ 128.326949731740996, 35.20981699412259 ], [ 128.326730087503449, 35.209401583816167 ], [ 128.326979695394073, 35.208765989101344 ], [ 128.326928586385833, 35.208575865221952 ], [ 128.327171991360899, 35.20806825109031 ], [ 128.327459816539204, 35.20768664582102 ], [ 128.327853160410342, 35.207546391032807 ], [ 128.328016720896301, 35.207488071708788 ], [ 128.328065779873441, 35.207423841243141 ], [ 128.328277433376854, 35.207146738674268 ], [ 128.328700084469062, 35.206874182522853 ], [ 128.329043152780997, 35.206824964517807 ], [ 128.329690767285143, 35.206739755760871 ], [ 128.329780429425512, 35.206727959554854 ], [ 128.330147768670344, 35.207098479670648 ], [ 128.330924401037805, 35.206898638860373 ], [ 128.331588739069332, 35.206925693440198 ], [ 128.33192631282688, 35.206939382849221 ], [ 128.332141710647619, 35.207033809048141 ], [ 128.332277471677827, 35.207093425590756 ], [ 128.333157306863967, 35.207479374797664 ], [ 128.333201896867109, 35.207498903129455 ], [ 128.334176597925563, 35.2074369762678 ], [ 128.334654403379318, 35.2074618590892 ], [ 128.33503620242152, 35.207482545749762 ], [ 128.335489123927346, 35.207806981967487 ], [ 128.335710944199519, 35.207959319279439 ], [ 128.33630168759251, 35.208365061325658 ], [ 128.338140530339984, 35.208861959331912 ], [ 128.338150176908044, 35.208856138027578 ], [ 128.339132323102007, 35.208263406799063 ], [ 128.340072142155122, 35.207711975174931 ], [ 128.341104518642567, 35.207617914522032 ], [ 128.341717260612768, 35.207935725639146 ], [ 128.342498826782418, 35.207957012699815 ], [ 128.34466309681298, 35.208339299066701 ], [ 128.344776233626675, 35.208352731016838 ], [ 128.345496574289427, 35.208438606539637 ], [ 128.345554110179393, 35.208440608611561 ], [ 128.345918044055082, 35.208480173061979 ], [ 128.346264467774205, 35.208478174148489 ], [ 128.346623017334764, 35.208476103879363 ], [ 128.346795650983864, 35.208561838357838 ], [ 128.347295049954766, 35.208809846407732 ], [ 128.347761316897191, 35.208832918724333 ], [ 128.348395505081811, 35.208802551329157 ], [ 128.349249343314767, 35.209808186461309 ], [ 128.349628134500591, 35.210093692951524 ], [ 128.349680393441332, 35.21007773977793 ], [ 128.350242271390755, 35.209905774461951 ], [ 128.350940193832571, 35.209815309018147 ], [ 128.351630823905197, 35.209712409811651 ], [ 128.352932416504501, 35.20953518146441 ], [ 128.353817948946897, 35.209068832748073 ], [ 128.353823763049803, 35.209052791449402 ], [ 128.353883732363045, 35.208887369347252 ], [ 128.353863117565481, 35.208258281493258 ], [ 128.353862464519153, 35.208238299476037 ], [ 128.353878401295958, 35.208229503910488 ], [ 128.353915541990773, 35.208209010087963 ], [ 128.354096160899246, 35.208109279908435 ], [ 128.354430113883382, 35.207933052812521 ], [ 128.355679369421154, 35.207771992536074 ], [ 128.356400426379651, 35.207226440509118 ], [ 128.356651650782453, 35.206985411695413 ], [ 128.357162245632026, 35.206753503615587 ], [ 128.35793884333313, 35.205798277032414 ], [ 128.358107561229332, 35.205471147767405 ], [ 128.358751196191236, 35.204223157759074 ], [ 128.358600429987973, 35.203911398281832 ], [ 128.35864540423313, 35.203495332942225 ], [ 128.359517839630428, 35.201976290386902 ], [ 128.359975858789824, 35.201159355191969 ], [ 128.360153064133186, 35.201108953140483 ], [ 128.360519775795098, 35.201004645279795 ], [ 128.360838819443643, 35.200819442881929 ], [ 128.361054159299584, 35.200731016868183 ], [ 128.361142829336728, 35.200587495285028 ], [ 128.361145573840787, 35.200583059338612 ], [ 128.361263743291971, 35.200392007707457 ], [ 128.36127538894786, 35.200373204195998 ], [ 128.361736624514066, 35.199163776033174 ], [ 128.362619899396236, 35.198832974018458 ], [ 128.363476043506864, 35.198350768634462 ], [ 128.363798532203333, 35.19827219363485 ], [ 128.36386793140764, 35.198234141773426 ], [ 128.363966750671182, 35.198179958098969 ], [ 128.364220345608288, 35.198040907333315 ], [ 128.36456526855585, 35.197527134854276 ], [ 128.365074174159219, 35.196642566092386 ], [ 128.36567858408975, 35.196293518146639 ], [ 128.365860067992145, 35.195658887690676 ], [ 128.365884755448718, 35.195463960870178 ], [ 128.365924735519116, 35.195088433551561 ], [ 128.365662546338115, 35.194784968564413 ], [ 128.366071187184986, 35.194650960334315 ], [ 128.367201968495721, 35.194280123453716 ], [ 128.367231451180942, 35.194270484344266 ], [ 128.367232316737841, 35.194269450229953 ], [ 128.367239002282133, 35.194261022134064 ], [ 128.367727531907576, 35.193013272163569 ], [ 128.367963560885755, 35.191735174400705 ], [ 128.368066032434911, 35.191530097440776 ], [ 128.368076037110995, 35.191510113010096 ], [ 128.368200387937577, 35.191261663344882 ], [ 128.36819580367137, 35.191145034970098 ], [ 128.368188206777234, 35.190952335361608 ], [ 128.368172939450318, 35.190922002273687 ], [ 128.367830366016449, 35.190241503112482 ], [ 128.367805836244457, 35.190196594856644 ], [ 128.367762502215726, 35.190121306660039 ], [ 128.367423324715503, 35.189704070898657 ], [ 128.367360238017795, 35.18953646927627 ], [ 128.36719641068467, 35.189101243382233 ], [ 128.367010507561332, 35.18845286277309 ], [ 128.366885069807694, 35.187993787951882 ], [ 128.366817852541374, 35.187505588521582 ], [ 128.366759847933224, 35.186933930173076 ], [ 128.366765537032478, 35.186908049071313 ], [ 128.366769611182178, 35.186891025021779 ], [ 128.367076392868455, 35.186355069638381 ], [ 128.367105973995166, 35.186274114076696 ], [ 128.367286902018463, 35.185778902668943 ], [ 128.367290525153891, 35.185753144536314 ], [ 128.367292913575938, 35.185732742216956 ], [ 128.367289812026172, 35.18569533202313 ], [ 128.367261318746131, 35.185351858357357 ], [ 128.367252757797957, 35.185248624827935 ], [ 128.36740234414583, 35.184409058178751 ], [ 128.367404673799285, 35.184395947272165 ], [ 128.367429611976576, 35.184255407477416 ], [ 128.367428845634464, 35.18424385701374 ], [ 128.367427741558316, 35.184231737302824 ], [ 128.367385079592822, 35.184114340933569 ], [ 128.367379063875234, 35.184097872422541 ], [ 128.367103019717973, 35.183342559049493 ], [ 128.367099029003867, 35.183331641203779 ], [ 128.3666964167858, 35.182713947697493 ], [ 128.366651405771535, 35.182590905274736 ], [ 128.366437910166866, 35.182030257507726 ], [ 128.36623623431413, 35.181649657409416 ], [ 128.366209163917659, 35.181578814697424 ], [ 128.366173148174227, 35.181335410699489 ], [ 128.366164847725656, 35.181300439707876 ], [ 128.366034996109221, 35.180858952484172 ], [ 128.365869295913768, 35.180512623441309 ], [ 128.36565859568438, 35.180072251110637 ], [ 128.36563458409347, 35.180025463106908 ], [ 128.365428634423068, 35.179624180374717 ], [ 128.364871890646668, 35.179176646936526 ], [ 128.364738702955776, 35.179069107476337 ], [ 128.364678763171128, 35.179020709297923 ], [ 128.364399817381809, 35.178872496322143 ], [ 128.364393325220675, 35.178845991706538 ], [ 128.364389015601091, 35.178827094339809 ], [ 128.364431671509777, 35.178720862021869 ], [ 128.364436416988013, 35.17870904315923 ], [ 128.364705301870003, 35.178080930348585 ], [ 128.364693625902333, 35.177907362219159 ], [ 128.364662566463238, 35.177358790903874 ], [ 128.364807255733183, 35.176709186359979 ], [ 128.364805780763419, 35.176699741843429 ], [ 128.364727608614345, 35.176495827116547 ], [ 128.364889776267205, 35.175958555530471 ], [ 128.364901342021511, 35.175597101788924 ], [ 128.364916814472622, 35.17541620382837 ], [ 128.364947253025036, 35.175164415052414 ], [ 128.364941374545452, 35.175107916083206 ], [ 128.364879077717461, 35.175108568318372 ], [ 128.364869063439613, 35.174962473365561 ], [ 128.364884167859259, 35.174895096335241 ], [ 128.364957866793276, 35.174770135968814 ], [ 128.365030802404419, 35.174699404633706 ], [ 128.365092454421216, 35.174579453410324 ], [ 128.365078582280972, 35.17446769687151 ], [ 128.365093158836089, 35.174401724797583 ], [ 128.365094154603895, 35.174361168986906 ], [ 128.3650856806359, 35.174327324413426 ], [ 128.365021206724521, 35.17425882774468 ], [ 128.36489473474677, 35.173826360220744 ], [ 128.364928768304054, 35.173750213488134 ], [ 128.365024876368807, 35.173479615438112 ], [ 128.365030754881275, 35.173230508644735 ], [ 128.365043215606676, 35.173195369413826 ], [ 128.36504479233659, 35.173190166259701 ], [ 128.365036505516031, 35.173087307286821 ], [ 128.364962554792186, 35.172783585728531 ], [ 128.364930307553408, 35.172651153101633 ], [ 128.36495885953525, 35.172614483328886 ], [ 128.365229851644273, 35.17226642401269 ], [ 128.365245655921797, 35.172110325262437 ], [ 128.365255574129748, 35.172004180349923 ], [ 128.365151531342121, 35.171598321885391 ], [ 128.365135982584576, 35.171546972047487 ], [ 128.36504977297156, 35.171297101812044 ], [ 128.364982520239664, 35.171100996985857 ], [ 128.364962741366469, 35.171064127712143 ], [ 128.364947634501476, 35.171043489646038 ], [ 128.364718371330412, 35.170729214383833 ], [ 128.364524700272256, 35.170380761483273 ], [ 128.364285895412536, 35.170168961302096 ], [ 128.364230370551979, 35.170097545552387 ], [ 128.364216079775531, 35.170081976244198 ], [ 128.364202131139763, 35.170067399952401 ], [ 128.363964087992628, 35.169867854778623 ], [ 128.363781210568817, 35.169719432568591 ], [ 128.363690043796538, 35.169511934273388 ], [ 128.363673552527558, 35.169471847565994 ], [ 128.363637780013562, 35.169440815984686 ], [ 128.36350634989563, 35.169292394407222 ], [ 128.363477622346494, 35.169260272011662 ], [ 128.363386856335467, 35.169177403202966 ], [ 128.363382238928722, 35.169173151310886 ], [ 128.363292683452784, 35.169090721036142 ], [ 128.363283868944393, 35.169078138636209 ], [ 128.363282165627396, 35.169075732458325 ], [ 128.363240222241473, 35.168986007218486 ], [ 128.363164756386453, 35.168824579060363 ], [ 128.363303996354659, 35.168520822837486 ], [ 128.363303334163845, 35.168320415591346 ], [ 128.363303283313343, 35.168309371222222 ], [ 128.363302624972931, 35.168169583280253 ], [ 128.363222506789754, 35.167953254068387 ], [ 128.363201007037588, 35.167895124201522 ], [ 128.363196617366214, 35.16788664538489 ], [ 128.363194080522391, 35.167881422872583 ], [ 128.36303408026248, 35.167616659787683 ], [ 128.363018894093699, 35.167583627471537 ], [ 128.362999821743756, 35.167545075676834 ], [ 128.362867428056035, 35.167148494971329 ], [ 128.362866410179663, 35.167146938700867 ], [ 128.362862348189793, 35.167139743338595 ], [ 128.362652545383355, 35.166905414638414 ], [ 128.362646600802634, 35.166898791719532 ], [ 128.362231908265898, 35.166436891476174 ], [ 128.362213402727434, 35.166413278230337 ], [ 128.362119027416128, 35.166287016167693 ], [ 128.362027207166648, 35.166164149623064 ], [ 128.362058247078068, 35.165792512146979 ], [ 128.362117831822331, 35.165256108596758 ], [ 128.362081658665772, 35.164707229089352 ], [ 128.362197481119665, 35.163998318757393 ], [ 128.361923633286096, 35.16364337876368 ], [ 128.361904364140571, 35.163628495593251 ], [ 128.361901299349626, 35.163626081045798 ], [ 128.361841497227147, 35.163597598492878 ], [ 128.361279885569729, 35.163329162977099 ], [ 128.361338968739773, 35.162747547226836 ], [ 128.361166310817936, 35.162240622736839 ], [ 128.361361617041098, 35.161762253432137 ], [ 128.3617503915074, 35.161280830580431 ], [ 128.361804314221814, 35.161226549641995 ], [ 128.36196234010626, 35.161067462681082 ], [ 128.362142422253555, 35.160886166928073 ], [ 128.362321335898827, 35.160442355280559 ], [ 128.362344272445995, 35.160382628467907 ], [ 128.362429875677435, 35.15996226189916 ], [ 128.362319751770968, 35.15967973708463 ], [ 128.362175624515999, 35.159426738199436 ], [ 128.362029295603975, 35.159324006298171 ], [ 128.361463010639085, 35.158933018495127 ], [ 128.361156784964436, 35.158619735421887 ], [ 128.360910496121448, 35.15825057193959 ], [ 128.36103403641826, 35.157804784046824 ], [ 128.360849273719623, 35.157529748307475 ], [ 128.360438944369946, 35.15719718373829 ], [ 128.360464710521967, 35.157164433634975 ], [ 128.360606436928464, 35.15698428533684 ], [ 128.3611407660824, 35.15633011302252 ], [ 128.36117143792859, 35.156224091136131 ], [ 128.361299642064864, 35.155794947297856 ], [ 128.361337391081804, 35.155484186836418 ], [ 128.361306977787024, 35.155251786002317 ], [ 128.361331916630633, 35.15506657723904 ], [ 128.361544042752342, 35.154760116791842 ], [ 128.361595382489838, 35.154378868502761 ], [ 128.361567061377229, 35.153900171557467 ], [ 128.361564736740632, 35.153693837110353 ], [ 128.361561445073903, 35.153479605347876 ], [ 128.361391098133481, 35.153269145656807 ], [ 128.361390765659451, 35.15326801730555 ], [ 128.361387617673813, 35.153253921076818 ], [ 128.361417488729188, 35.153175799359445 ], [ 128.361437329412411, 35.153123914097137 ], [ 128.361497900781956, 35.152965228373965 ], [ 128.361640357101123, 35.152744613135688 ], [ 128.361649618032288, 35.152730278982226 ], [ 128.361670037319158, 35.152705597061029 ], [ 128.361781537888589, 35.152591970538481 ], [ 128.362053281249388, 35.152312159114828 ], [ 128.362180299755437, 35.152185796393645 ], [ 128.362089715931518, 35.152016036595242 ], [ 128.362077052812424, 35.151992167076294 ], [ 128.362067894560568, 35.151968447545109 ], [ 128.362067136024933, 35.151966478248156 ], [ 128.362053854938665, 35.151931482701258 ], [ 128.361856872895743, 35.151663990254782 ], [ 128.361852354279364, 35.151649743284324 ], [ 128.361851678664351, 35.151647620109244 ], [ 128.361852442266979, 35.151029582221994 ], [ 128.361852471981962, 35.151001375438433 ], [ 128.361852638595877, 35.150868819051716 ], [ 128.361752833429847, 35.150742739146025 ], [ 128.361746511236902, 35.150734750081426 ], [ 128.361671756700389, 35.150639464878871 ], [ 128.361659412464689, 35.150623733471399 ], [ 128.36165810963027, 35.150623345994561 ], [ 128.360865125209841, 35.150386883535347 ], [ 128.360679462496137, 35.150195762683254 ], [ 128.360639517168153, 35.150154639154891 ], [ 128.360436478386561, 35.14994562923728 ], [ 128.360389281219113, 35.149886379107379 ], [ 128.36017745558209, 35.149544154534496 ], [ 128.359816905962106, 35.149166643453334 ], [ 128.359726869653826, 35.149080392150324 ], [ 128.359325519415535, 35.148746323813434 ], [ 128.359291317570268, 35.148712765721754 ], [ 128.359188607663924, 35.148604339417034 ], [ 128.359184401524374, 35.148593752774381 ], [ 128.359179533045733, 35.148580207883001 ], [ 128.359187990712996, 35.148180004207489 ], [ 128.359187074495424, 35.148144224526604 ], [ 128.359186447501543, 35.14811507200195 ], [ 128.359174909160544, 35.147990230410649 ], [ 128.359161624460569, 35.147848489145069 ], [ 128.359158614993049, 35.147837486451579 ], [ 128.359158287300687, 35.147836076732347 ], [ 128.359143618968545, 35.147804587410612 ], [ 128.359062172811576, 35.147629945341052 ], [ 128.359058436569029, 35.14762499631852 ], [ 128.359048263615335, 35.147611140976579 ], [ 128.358635221188166, 35.147259539527631 ], [ 128.358624558344133, 35.147242302684113 ], [ 128.358621000190197, 35.147235805089196 ], [ 128.358547535648256, 35.146897276617992 ], [ 128.358642619869499, 35.146710609878959 ], [ 128.358844797263401, 35.146476285423383 ], [ 128.35885321367104, 35.146466536228026 ], [ 128.358854002423726, 35.146454049473419 ], [ 128.358876525721428, 35.14609598464088 ], [ 128.358882802751623, 35.14599546325546 ], [ 128.358886608112442, 35.145991535579164 ], [ 128.359020690221683, 35.145947983916962 ], [ 128.359071746091843, 35.145931398771488 ], [ 128.359527515194031, 35.145884521204678 ], [ 128.359796929068466, 35.145835245883525 ], [ 128.360074208808641, 35.145656022383115 ], [ 128.360386887583928, 35.145380661401724 ], [ 128.36079673812398, 35.144957504352838 ], [ 128.360897766839486, 35.144667925437204 ], [ 128.360951271045394, 35.144513996831613 ], [ 128.360999022515728, 35.144356289527344 ], [ 128.361211766962413, 35.143653603353044 ], [ 128.361278356367649, 35.143207515776716 ], [ 128.361666304550795, 35.142381458595693 ], [ 128.36180873326532, 35.142124761158087 ], [ 128.361813775570624, 35.142115638081265 ], [ 128.36181776634632, 35.142110585490464 ], [ 128.361837498854783, 35.142086191533117 ], [ 128.362019820756785, 35.141901812235446 ], [ 128.362025705479311, 35.141895651514687 ], [ 128.362046385004959, 35.141882377619766 ], [ 128.363263469699831, 35.141559801881229 ], [ 128.363362266100268, 35.141425109824638 ], [ 128.363399511282267, 35.141374339083178 ], [ 128.363402717159289, 35.141359005573527 ], [ 128.363403062358145, 35.141358014863521 ], [ 128.363423941806786, 35.141077024452173 ], [ 128.363421091187377, 35.141069970117805 ], [ 128.363417707051184, 35.141063328951404 ], [ 128.36331607995362, 35.140970124175588 ], [ 128.363222804931866, 35.140884551214533 ], [ 128.363108565042211, 35.140779753834771 ], [ 128.363090409387723, 35.140755571831924 ], [ 128.363078196873658, 35.140738472637167 ], [ 128.362824293187742, 35.140236178384946 ], [ 128.362513352259242, 35.140226945100011 ], [ 128.361907100861771, 35.140218377306901 ], [ 128.361065962988761, 35.140206489464319 ], [ 128.360371413162994, 35.140460236693457 ], [ 128.359717398158409, 35.140291038430981 ], [ 128.358641929564612, 35.139763545877045 ], [ 128.358556933710332, 35.139736055102105 ], [ 128.358109947654242, 35.13960791732805 ], [ 128.357866804630248, 35.139327213684901 ], [ 128.357589526699968, 35.13900646725132 ], [ 128.357518599253865, 35.138956092291174 ], [ 128.35717982061783, 35.138718261192629 ], [ 128.357079547991418, 35.138627025211697 ], [ 128.356990770200213, 35.138543509266654 ], [ 128.356838065638954, 35.138399846366269 ], [ 128.356854309327616, 35.138122068929 ], [ 128.356895464041372, 35.137382197914548 ], [ 128.356900655570399, 35.137331668402219 ], [ 128.356912835126309, 35.137221880942441 ], [ 128.356943231759459, 35.137019528867853 ], [ 128.356957410477804, 35.136917636881073 ], [ 128.356956394512224, 35.136915377218521 ], [ 128.356953012357422, 35.13691042922072 ], [ 128.356889601392425, 35.136885581633926 ], [ 128.356776282249513, 35.136842311910186 ], [ 128.356675592540967, 35.136804038325657 ], [ 128.355852240715905, 35.136489817679966 ], [ 128.355708989358106, 35.136436661222824 ], [ 128.355700445227825, 35.136433515148006 ], [ 128.355568616719239, 35.136381662856977 ], [ 128.355545755003533, 35.136373709057857 ], [ 128.355530151932811, 35.136366896042666 ], [ 128.355524259171744, 35.136364324548524 ], [ 128.35550830543545, 35.136357357112161 ], [ 128.355447029827019, 35.136353347964544 ], [ 128.355425782287426, 35.136351957868534 ], [ 128.355393339789231, 35.136349833468316 ], [ 128.355392164500813, 35.136349757005632 ], [ 128.355390675061642, 35.136349659316529 ], [ 128.355363206161485, 35.136347862279798 ], [ 128.3553564092378, 35.136347417933557 ], [ 128.35535037898515, 35.136347022276787 ], [ 128.355332140398446, 35.136345764212997 ], [ 128.355330826245847, 35.136345214441086 ], [ 128.35533249304936, 35.136265092961125 ], [ 128.355332176580134, 35.136260442476214 ], [ 128.355323149257856, 35.136232505122756 ], [ 128.35528921454997, 35.13618782426083 ], [ 128.355265618295562, 35.136158117820479 ], [ 128.355162061269795, 35.136072228736182 ], [ 128.355076732388028, 35.136001072591078 ], [ 128.355006253936693, 35.1359376004024 ], [ 128.354944957459651, 35.135883897220545 ], [ 128.354821873528721, 35.135774230982662 ], [ 128.354834521990227, 35.135713461644421 ], [ 128.354873000382327, 35.135549811230945 ], [ 128.354909923122364, 35.13539276132596 ], [ 128.354435451069122, 35.135102221694353 ], [ 128.354278497113484, 35.135005060272348 ], [ 128.354268078212755, 35.134999792108729 ], [ 128.354264832594708, 35.134998224407333 ], [ 128.354218865225022, 35.13497925047205 ], [ 128.354203316359786, 35.134972967093304 ], [ 128.354038752986526, 35.134905335237093 ], [ 128.353719344181286, 35.134778568439899 ], [ 128.353282518704901, 35.134604275379012 ], [ 128.353242873080518, 35.134588567561828 ], [ 128.35321774944498, 35.134578573388438 ], [ 128.353084279896763, 35.134525328673206 ], [ 128.352753929203431, 35.134394418220985 ], [ 128.352454506857043, 35.134276623494365 ], [ 128.352305660230627, 35.134217237365675 ], [ 128.352155257382663, 35.13415869335352 ], [ 128.352151345875541, 35.134154309790226 ], [ 128.35214693158693, 35.134149076763308 ], [ 128.35214375546272, 35.1341175128888 ], [ 128.352131341601563, 35.133997026162014 ], [ 128.352117370443352, 35.133848430269069 ], [ 128.352102567351324, 35.133690985621627 ], [ 128.352012306143848, 35.133615575299018 ], [ 128.351907575208031, 35.133527412129816 ], [ 128.351677719551475, 35.133328030148078 ], [ 128.351506408467458, 35.133182750768526 ], [ 128.350922529905517, 35.132683748336653 ], [ 128.350818994111648, 35.132595869755413 ], [ 128.350702692169449, 35.132448143522822 ], [ 128.350485835290442, 35.132172707731016 ], [ 128.350430651172275, 35.132106079545096 ], [ 128.350222387132675, 35.131844699822892 ], [ 128.350219237531945, 35.131840523647703 ], [ 128.350166068437943, 35.131770036388438 ], [ 128.350144876669134, 35.131759950862765 ], [ 128.34987692243584, 35.131632434059917 ], [ 128.349074405503615, 35.131251951717623 ], [ 128.348936921637971, 35.131186142866376 ], [ 128.348712147283436, 35.131083110250493 ], [ 128.348410724877795, 35.130943244146053 ], [ 128.348136388141143, 35.130815943048169 ], [ 128.348190955486587, 35.130229804602799 ], [ 128.348207055439133, 35.130060323671962 ], [ 128.348222347901469, 35.130012381925383 ], [ 128.348229186573775, 35.129992563580984 ], [ 128.348478496046482, 35.12955760447047 ], [ 128.348707274672364, 35.129158443288979 ], [ 128.348511784145529, 35.128178867590229 ], [ 128.34845344384533, 35.127885620391595 ], [ 128.348274504184928, 35.127090768655307 ], [ 128.348262495689227, 35.127101840718488 ], [ 128.348018694771781, 35.127112204915449 ], [ 128.347130552014249, 35.127149951884626 ], [ 128.34618725792339, 35.127187532808769 ], [ 128.345318154201834, 35.127122127910226 ], [ 128.345134799748479, 35.127114373494003 ], [ 128.344307517764321, 35.127283967983558 ], [ 128.343724468463392, 35.127226444658675 ], [ 128.343135662051793, 35.127158461075595 ], [ 128.342737556078617, 35.127038419535396 ], [ 128.342385303812904, 35.126930319181184 ], [ 128.341915113083417, 35.126842556970963 ], [ 128.341886874100965, 35.126837474631266 ], [ 128.341664350186448, 35.12679668574787 ], [ 128.341141101682581, 35.126868764057541 ], [ 128.340164481810007, 35.127084546867508 ], [ 128.33932413224602, 35.127471619432107 ], [ 128.339020089200005, 35.127611638501932 ], [ 128.338409001804109, 35.127924046041613 ], [ 128.338344013187708, 35.127896747834804 ], [ 128.337757422323961, 35.12765035634375 ], [ 128.337396493501387, 35.127521786141052 ], [ 128.33676290391395, 35.127296082839869 ], [ 128.336589802513458, 35.12723441726758 ], [ 128.335833722890328, 35.126659044986333 ], [ 128.335669953052019, 35.1263074592134 ], [ 128.335208938554786, 35.125916368356442 ], [ 128.334622966814692, 35.125397553060495 ], [ 128.334540290305711, 35.125214856905252 ], [ 128.33387884366357, 35.124619008352262 ], [ 128.333390962261007, 35.124607386989737 ], [ 128.33274085784376, 35.124591897427223 ], [ 128.33244093500133, 35.124669243749025 ], [ 128.331876133863005, 35.12468781208711 ], [ 128.331730823559525, 35.124641894271605 ], [ 128.33136492805636, 35.124526272047518 ], [ 128.330302537120502, 35.124260790804279 ], [ 128.329838168590982, 35.124144745652181 ], [ 128.329105458212467, 35.124007882335 ], [ 128.328093683632119, 35.123997055931603 ], [ 128.328073572540319, 35.124159741639517 ], [ 128.328009955285665, 35.124674383243573 ], [ 128.327961347177876, 35.125067608408834 ], [ 128.327961276453436, 35.125068211223208 ], [ 128.327512103939824, 35.125699328201918 ], [ 128.327041542631719, 35.125950915239031 ], [ 128.326307420468993, 35.126524811802234 ], [ 128.326075793739449, 35.126819693608695 ], [ 128.324919601065858, 35.127457278937577 ], [ 128.324378924874736, 35.128030225723847 ], [ 128.324014263292185, 35.128416650261563 ], [ 128.323986399038205, 35.128682318039822 ], [ 128.323958107120632, 35.12895207157581 ], [ 128.323839455104746, 35.129163742758884 ], [ 128.322960017076468, 35.129668734644845 ], [ 128.322640274481159, 35.129852335138366 ], [ 128.322478556922022, 35.129752611740635 ], [ 128.321300228746679, 35.129025972559695 ], [ 128.32111501515223, 35.128911754915464 ], [ 128.320553583771073, 35.128707206763771 ], [ 128.320453451323544, 35.128737692864952 ], [ 128.319529804517913, 35.129018884839695 ], [ 128.318815816896205, 35.129305834546265 ], [ 128.318803574683614, 35.129304298718239 ], [ 128.317937675688029, 35.129195682148435 ], [ 128.317514479493695, 35.129247851218778 ], [ 128.316901014238368, 35.129323472322397 ], [ 128.31613100098528, 35.129565169027316 ], [ 128.316055985113138, 35.129521878010898 ], [ 128.314915974200858, 35.128863982623933 ], [ 128.314551036055548, 35.127962543643932 ], [ 128.313958224882299, 35.127151926976083 ], [ 128.313307303102334, 35.12682980778753 ], [ 128.312719443206277, 35.126448322029979 ], [ 128.311923950060503, 35.126278467210923 ], [ 128.31143395923047, 35.126306792434328 ], [ 128.31118592033846, 35.126244261206701 ], [ 128.311063460540225, 35.126213431302773 ], [ 128.311044330143886, 35.126184587877056 ], [ 128.310875316211735, 35.12595913736255 ], [ 128.310832582380812, 35.125946646253958 ], [ 128.309968859200296, 35.125694690234063 ], [ 128.309289123311146, 35.125176769203208 ], [ 128.308723929551689, 35.125098332566552 ], [ 128.307423873928883, 35.12532383828637 ], [ 128.306974950940656, 35.1251789826539 ], [ 128.306350313202643, 35.124977430942515 ], [ 128.305451826676972, 35.125491671050426 ], [ 128.305122061668243, 35.126130440825385 ], [ 128.304986562560543, 35.126472260945583 ], [ 128.30491307660003, 35.126657639768858 ], [ 128.30482736135761, 35.126701203626233 ], [ 128.304051051671649, 35.127095762367738 ], [ 128.304050780812702, 35.127095897615561 ], [ 128.30403984472801, 35.127101454277224 ], [ 128.304010540308383, 35.127082778012976 ], [ 128.303631347717157, 35.126841095023941 ], [ 128.303153742211492, 35.12670159480286 ], [ 128.302880411353641, 35.12659589761406 ], [ 128.302533028970515, 35.126461561812825 ], [ 128.301848950855316, 35.126113835194779 ], [ 128.301358204128633, 35.125869893854642 ], [ 128.300762698028052, 35.125770125879349 ], [ 128.300338612963372, 35.125628949773017 ], [ 128.300031978011134, 35.125524081869877 ], [ 128.299779094016344, 35.125577459527456 ], [ 128.299719603137362, 35.125590017764885 ], [ 128.299711269483595, 35.125615255306137 ], [ 128.299682140044752, 35.125703471927103 ], [ 128.299577941036148, 35.126019026958581 ], [ 128.299022550825299, 35.126318451294374 ], [ 128.298655707204915, 35.126677437504625 ], [ 128.297982443584146, 35.126967026250931 ], [ 128.297519812079116, 35.127481760154645 ], [ 128.297165711916875, 35.12787291165143 ], [ 128.296396759575941, 35.128125042398906 ], [ 128.296082697194095, 35.128346863363809 ], [ 128.295320887509973, 35.128882662459461 ], [ 128.295127539245925, 35.128959421072402 ], [ 128.294526923639779, 35.129191247395781 ], [ 128.293380850504406, 35.129558052274582 ], [ 128.293021492644925, 35.12982850896708 ], [ 128.292810032841828, 35.129988901046147 ], [ 128.292653831156827, 35.13019078805371 ], [ 128.29159174448705, 35.130675096553745 ], [ 128.291443903720392, 35.130696342157982 ], [ 128.290647670590573, 35.130810763563815 ], [ 128.290427921019102, 35.130842341591276 ], [ 128.289294319473441, 35.131338325276232 ], [ 128.289201894022796, 35.131378765003362 ], [ 128.28912247480875, 35.131362763103525 ], [ 128.288403416564421, 35.131217886064398 ], [ 128.287628754674216, 35.131211137999451 ], [ 128.287456163874879, 35.131209632925348 ], [ 128.286765419739396, 35.130744899304759 ], [ 128.286392401494368, 35.130624356097655 ], [ 128.286050894939763, 35.130513993082879 ], [ 128.285958380117734, 35.130484095946414 ], [ 128.28498529280651, 35.130833507976192 ], [ 128.284926563621951, 35.130854595812075 ], [ 128.284336978052721, 35.130898564616047 ], [ 128.283973683462619, 35.130765721313686 ], [ 128.283850807304333, 35.130754105184444 ], [ 128.283638298111015, 35.130734017320115 ], [ 128.282895990385271, 35.131322670273093 ], [ 128.282271311389593, 35.131591460099052 ], [ 128.282085317425526, 35.131671490401565 ], [ 128.280984678329361, 35.131424279337693 ], [ 128.279012739779887, 35.132060230659278 ], [ 128.27837053331379, 35.131657562292951 ], [ 128.278210730815573, 35.131626295210658 ], [ 128.277850349252503, 35.131555782439769 ], [ 128.277266543555356, 35.131441554724063 ], [ 128.276835181396137, 35.131678811190717 ], [ 128.276144970135562, 35.131913815326364 ], [ 128.275997950031069, 35.131925059595822 ], [ 128.275413660179311, 35.132163363193435 ], [ 128.274424686143618, 35.132162228165797 ], [ 128.273745423644527, 35.132437287737631 ], [ 128.273653070086596, 35.132394151381519 ], [ 128.273035215932879, 35.132105574747499 ], [ 128.272897456786637, 35.132043664664025 ], [ 128.272726307500136, 35.131966746690502 ], [ 128.272326382836241, 35.131787013549442 ], [ 128.272292298238284, 35.13177169633218 ], [ 128.272157385460304, 35.131783176185138 ], [ 128.271827014315335, 35.13181128742518 ], [ 128.271672105459459, 35.131823595607237 ], [ 128.271596837669307, 35.131770438325091 ], [ 128.271416064113623, 35.13164276915191 ], [ 128.271399780016964, 35.131641823229948 ], [ 128.270966286230788, 35.131616686848588 ], [ 128.270176324295278, 35.1315223481513 ], [ 128.26990168758789, 35.131637018093116 ], [ 128.269629396033991, 35.131725714473845 ], [ 128.269593068176249, 35.131737545502581 ], [ 128.26958336386167, 35.131724666876416 ], [ 128.269100071982166, 35.131083210992827 ], [ 128.268968263720069, 35.130641584682166 ], [ 128.268917658081278, 35.130472011616213 ], [ 128.268547659111931, 35.129885178835323 ], [ 128.267897901590629, 35.129472221102816 ], [ 128.267865317931609, 35.129451511783166 ], [ 128.267833604445769, 35.129461530392071 ], [ 128.267536792954502, 35.129555293469409 ], [ 128.267424220113128, 35.129493812690725 ], [ 128.267143499197857, 35.129340496212095 ], [ 128.26698476841176, 35.129253807184121 ], [ 128.266988491369602, 35.129136755925266 ], [ 128.266993606182979, 35.128975709251932 ], [ 128.26672906443406, 35.128617088291293 ], [ 128.266487619601776, 35.128414941903024 ], [ 128.266170613460162, 35.128269228471964 ], [ 128.265890999295323, 35.128239746583162 ], [ 128.265640551904681, 35.128213338527502 ], [ 128.265602195068681, 35.128189107862354 ], [ 128.265404643544343, 35.128064311847858 ], [ 128.26486983256234, 35.127946566801533 ], [ 128.264805694129791, 35.127929556175083 ], [ 128.264448240155673, 35.127687961629746 ], [ 128.26426272726755, 35.127463194998306 ], [ 128.263796599303134, 35.127238126568116 ], [ 128.263548082901167, 35.127119295985253 ], [ 128.263287500606282, 35.127179107731152 ], [ 128.263036478244288, 35.127261238874297 ], [ 128.262669109459011, 35.127434482498458 ], [ 128.262074318132903, 35.127543522456307 ], [ 128.262022189989267, 35.127574709935885 ], [ 128.26184146999222, 35.127682825334034 ], [ 128.261642048325797, 35.12780212904179 ], [ 128.2613918191783, 35.127834968602563 ], [ 128.26047016811836, 35.12829858878316 ], [ 128.259532950614073, 35.128360169278324 ], [ 128.258609761594215, 35.128481269591745 ], [ 128.258256327505507, 35.128288137487793 ], [ 128.257884736058827, 35.128205999709976 ], [ 128.257345530804031, 35.127988623839514 ], [ 128.256783878640533, 35.127224393840017 ], [ 128.256033739204838, 35.126746192597309 ], [ 128.256033469822285, 35.126746021151625 ], [ 128.255362531191366, 35.127084401166968 ], [ 128.255249878590121, 35.127136801208245 ], [ 128.254800864502698, 35.127345660013397 ], [ 128.254706634497097, 35.127389492294306 ], [ 128.25422725693852, 35.127678300505686 ], [ 128.253746356634764, 35.127968023407739 ], [ 128.253704286724172, 35.1279950925408 ], [ 128.253313781057358, 35.128388558221168 ], [ 128.252608796954121, 35.128174653164649 ], [ 128.252229197467244, 35.127901338932574 ], [ 128.251564752892335, 35.127789349399237 ], [ 128.250857749798314, 35.127796250977688 ], [ 128.250307634037284, 35.127891420196121 ], [ 128.249842718966164, 35.12796698167049 ], [ 128.249269707154667, 35.127887940770698 ], [ 128.248963877980202, 35.127908151832024 ], [ 128.247941305155763, 35.128154307887954 ], [ 128.247651417113474, 35.12822393135518 ], [ 128.247277101122449, 35.128313830957829 ], [ 128.247274729467307, 35.128292823372583 ], [ 128.247256446168564, 35.128137807819151 ], [ 128.247229740632605, 35.127816533022433 ], [ 128.247214450870217, 35.127654343109498 ], [ 128.247261330338489, 35.12728428352623 ], [ 128.247261408261465, 35.127283682514197 ], [ 128.247306951477725, 35.126947125647987 ], [ 128.247307030497581, 35.12694652462914 ], [ 128.247406499842924, 35.12681025783759 ], [ 128.247458476207328, 35.126713967653984 ], [ 128.247639439584901, 35.126197923536857 ], [ 128.246715277981423, 35.125713549143804 ], [ 128.246150335256743, 35.125707919506574 ], [ 128.245434012906884, 35.125742175410089 ], [ 128.244970279621128, 35.125598738595428 ], [ 128.244394980026783, 35.126008344743731 ], [ 128.244134704451682, 35.126006303801319 ], [ 128.24321007648993, 35.125111706883558 ], [ 128.24275661491896, 35.124496253403294 ], [ 128.242547920781192, 35.123636571094366 ], [ 128.242332863684908, 35.123539909736905 ], [ 128.241726507073167, 35.123267368155879 ], [ 128.24173002972438, 35.123201239360831 ], [ 128.241747065479842, 35.122881473411361 ], [ 128.241762747511046, 35.12258720318475 ], [ 128.241762794988176, 35.122586629412901 ], [ 128.242055143873188, 35.122076019515212 ], [ 128.241862967017454, 35.121696108558247 ], [ 128.241881402595084, 35.120845726574871 ], [ 128.24182892975918, 35.120844855691487 ], [ 128.24124794186514, 35.120835216478838 ], [ 128.240995023869516, 35.120831019122008 ], [ 128.240468054139825, 35.120377180228608 ], [ 128.240329735194621, 35.120338997750686 ], [ 128.239774096581442, 35.12018551602884 ], [ 128.23893709965742, 35.120260526883257 ], [ 128.238590123609072, 35.11964697306707 ], [ 128.23858206041848, 35.119632714012063 ], [ 128.238566922615092, 35.119616694663293 ], [ 128.23833239029301, 35.119368484044038 ], [ 128.238053315161409, 35.119169975428612 ], [ 128.237874343557394, 35.119042670072943 ], [ 128.237720321416134, 35.119060945506362 ], [ 128.237512538643102, 35.119085600086123 ], [ 128.237043396489753, 35.119270930955082 ], [ 128.236990468355486, 35.119258140251652 ], [ 128.23630801533497, 35.119093209909117 ], [ 128.236264975146184, 35.119086257748698 ], [ 128.236264460797258, 35.119086174309722 ], [ 128.236224009159685, 35.119076627546001 ], [ 128.236049178141627, 35.11895764587927 ], [ 128.235722330094916, 35.118695907908105 ], [ 128.235619279556602, 35.118613387500098 ], [ 128.235616757049428, 35.118611364964487 ], [ 128.235134144618883, 35.118224886069193 ], [ 128.235062534734539, 35.118202051054716 ], [ 128.23489353087939, 35.118148156816382 ], [ 128.234845773887542, 35.117921396167233 ], [ 128.234793313051085, 35.117749810254764 ], [ 128.234458700375768, 35.117149433178611 ], [ 128.234008865634962, 35.116673338285175 ], [ 128.233977048477982, 35.11663966304058 ], [ 128.233371527702104, 35.116801315250733 ], [ 128.232981138713825, 35.11700502113797 ], [ 128.232213903437213, 35.117187729878914 ], [ 128.232204185899519, 35.117454495674629 ], [ 128.232176590606059, 35.117592381046798 ], [ 128.232124179194983, 35.117854255988902 ], [ 128.231810055989797, 35.118040415610743 ], [ 128.231544138033343, 35.117886439411734 ], [ 128.231264630608734, 35.117724593400212 ], [ 128.230678385042125, 35.117446788853904 ], [ 128.230591572148853, 35.117448136295678 ], [ 128.230427000922646, 35.117450689866629 ], [ 128.230172436194152, 35.117454559022555 ], [ 128.229526559664663, 35.117458758205068 ], [ 128.229432352141203, 35.117413171562511 ], [ 128.228905751972036, 35.117158356208208 ], [ 128.228684058347881, 35.116983114288189 ], [ 128.228677095710793, 35.116977612481634 ], [ 128.228661049408657, 35.116753293379311 ], [ 128.228498649591785, 35.116235552853176 ], [ 128.228303555841705, 35.115638097853406 ], [ 128.228289014171992, 35.115593558184472 ], [ 128.228114930090385, 35.115369654569115 ], [ 128.227839457705841, 35.114149691776404 ], [ 128.227714412702255, 35.113933700340326 ], [ 128.227374928892374, 35.113988141255362 ], [ 128.227287930904168, 35.114002091415841 ], [ 128.227065302402735, 35.113889482427112 ], [ 128.226693220811768, 35.113701275855675 ], [ 128.226302850308969, 35.113658508711573 ], [ 128.225770077389228, 35.113740158710819 ], [ 128.225467874236813, 35.113722977869571 ], [ 128.225211289526953, 35.113708390774299 ], [ 128.224547603031255, 35.113670654059092 ], [ 128.223893201441314, 35.113473933158211 ], [ 128.223582225704519, 35.113914583631654 ], [ 128.223430354467666, 35.114041905207401 ], [ 128.222880583174259, 35.114018797597282 ], [ 128.22286294897367, 35.114040716749393 ], [ 128.222477581607478, 35.114519684921305 ], [ 128.22235566945335, 35.114523830740652 ], [ 128.221253931738772, 35.114238883358006 ], [ 128.220963136579371, 35.114151528643099 ], [ 128.220457101820557, 35.114017226022781 ], [ 128.220448636715361, 35.114014978796142 ], [ 128.220434292661849, 35.114029520148677 ], [ 128.219603365241767, 35.114871719337678 ], [ 128.219341859683567, 35.114920587446598 ], [ 128.219178564241162, 35.11487273820434 ], [ 128.219040364759195, 35.114832243847616 ], [ 128.218953639722457, 35.114806830696608 ], [ 128.218071425793823, 35.114819295314611 ], [ 128.218029788253602, 35.114744395846898 ], [ 128.217862581025429, 35.114443613265948 ], [ 128.217390183936317, 35.114170862130202 ], [ 128.217188725025068, 35.114163875795818 ], [ 128.216975468045433, 35.114156479204169 ], [ 128.216267662877527, 35.114274992408049 ], [ 128.216126643567037, 35.114298730667876 ], [ 128.215532128687784, 35.114418521522239 ], [ 128.215124516919047, 35.11462726907515 ], [ 128.21477271027058, 35.114807506184661 ], [ 128.214501020679904, 35.114748171749561 ], [ 128.214086184885304, 35.114657574018359 ], [ 128.213939635210835, 35.114480484321653 ], [ 128.213847024177483, 35.11436857653031 ], [ 128.21374822450997, 35.114334464387618 ], [ 128.213419705819035, 35.114221027190666 ], [ 128.212399190953988, 35.114243548313077 ], [ 128.212372350987266, 35.114262652641173 ], [ 128.212264924766117, 35.114339277676031 ], [ 128.211619082839718, 35.114652782559787 ], [ 128.21124755593857, 35.11503794355972 ], [ 128.21088538361937, 35.115446804831684 ], [ 128.210692517514246, 35.115372172855672 ], [ 128.210165044350845, 35.115168056486667 ], [ 128.209557540979432, 35.114901805533279 ], [ 128.209466320534631, 35.114861826837149 ], [ 128.209321370457843, 35.114660798143937 ], [ 128.209370779276782, 35.114616049615456 ], [ 128.209453432951989, 35.114262788809967 ], [ 128.209339324013683, 35.114150853668612 ], [ 128.209316451346496, 35.114128416068631 ], [ 128.209363643856619, 35.113424351201971 ], [ 128.209363687433495, 35.113423808121333 ], [ 128.209431792556273, 35.11312512957543 ], [ 128.209623824536209, 35.112250465594876 ], [ 128.209623900523411, 35.112250117092351 ], [ 128.209622414817488, 35.112223801447634 ], [ 128.209620978876842, 35.112198416069823 ], [ 128.209584141672224, 35.112161266904252 ], [ 128.209562857878922, 35.112151167972485 ], [ 128.209507711317173, 35.112125000504214 ], [ 128.209484024552523, 35.112095680476045 ], [ 128.209472483963111, 35.112081391091671 ], [ 128.209456330852362, 35.11207832245352 ], [ 128.209420463383907, 35.112071508093543 ], [ 128.20942533819985, 35.112058897188469 ], [ 128.209434493380343, 35.112034977310266 ], [ 128.20935490122892, 35.112016754377038 ], [ 128.209236366300928, 35.111989615966188 ], [ 128.209203655765549, 35.112031794285109 ], [ 128.209144281545463, 35.111968032296474 ], [ 128.208942648576596, 35.111862213696021 ], [ 128.20893151271838, 35.111828757076054 ], [ 128.208927661875265, 35.111817194504383 ], [ 128.208805923362661, 35.111759921423705 ], [ 128.208762366409331, 35.111770900970349 ], [ 128.208703911676793, 35.111754467432682 ], [ 128.208642413039058, 35.111764406664925 ], [ 128.2085858125958, 35.111773550785792 ], [ 128.208269601985194, 35.111756556748119 ], [ 128.207938842426131, 35.111762838679965 ], [ 128.207761051231103, 35.111645232448353 ], [ 128.207172258224603, 35.111255747566325 ], [ 128.206787450703104, 35.111230534920004 ], [ 128.206596763112827, 35.111218039864717 ], [ 128.206049264939878, 35.110637028399267 ], [ 128.205721966197501, 35.110318751682314 ], [ 128.205592297861216, 35.110192656528511 ], [ 128.205541312978283, 35.110147678701587 ], [ 128.205172812492378, 35.109868947348374 ], [ 128.204803237392639, 35.109682025438225 ], [ 128.204729845734533, 35.109678540524804 ], [ 128.203874003846579, 35.109637897463976 ], [ 128.203065646043115, 35.109438646252208 ], [ 128.202993674210575, 35.109419018750621 ], [ 128.202948817915626, 35.109150855800799 ], [ 128.202948894744964, 35.109150346793825 ], [ 128.202995581527716, 35.108941679469247 ], [ 128.203065683047384, 35.108628603182751 ], [ 128.203065790675737, 35.10862810301407 ], [ 128.202767323141217, 35.108093936022058 ], [ 128.202733798820475, 35.10803385860288 ], [ 128.202437584294472, 35.107294220562821 ], [ 128.202363663836223, 35.107011930057666 ], [ 128.202305357103626, 35.106760995103343 ], [ 128.202200469852045, 35.106120933945576 ], [ 128.201785765565376, 35.105827933080754 ], [ 128.201270777108562, 35.105784679154908 ], [ 128.199895343718225, 35.106105001925265 ], [ 128.199527149904185, 35.105589376809881 ], [ 128.199190045957693, 35.105258015075783 ], [ 128.199069010181603, 35.105138977400543 ], [ 128.199147770379795, 35.104826971301222 ], [ 128.199147737440967, 35.104826711799952 ], [ 128.199147828858031, 35.1048263668212 ], [ 128.199114849373046, 35.104518144824304 ], [ 128.198815838783503, 35.104069024930972 ], [ 128.198541784470279, 35.103782311864734 ], [ 128.198384911495509, 35.103618194475487 ], [ 128.199539803669268, 35.103232376847792 ], [ 128.199647825676664, 35.103200843018783 ], [ 128.199769970798286, 35.103178268077762 ], [ 128.199833757752202, 35.103121653272673 ], [ 128.19997825030174, 35.102996847163375 ], [ 128.200458441177915, 35.10233907997835 ], [ 128.200632113182564, 35.101576771510381 ], [ 128.200632114546835, 35.10157641803373 ], [ 128.200632171647925, 35.101576167029499 ], [ 128.200633352545537, 35.101385911055623 ], [ 128.200652387044556, 35.101083076689662 ], [ 128.200662883890345, 35.100915998417669 ], [ 128.200628039334447, 35.100588754226187 ], [ 128.200629418651459, 35.100551969268025 ], [ 128.200629438344663, 35.100551449771466 ], [ 128.200647636032897, 35.10051269567704 ], [ 128.200884517907383, 35.100522372379238 ], [ 128.201046319448949, 35.100528980559424 ], [ 128.200940194274466, 35.100204839286924 ], [ 128.200863458232845, 35.100164430211429 ], [ 128.200700238952976, 35.100078474419163 ], [ 128.200011043203091, 35.099646211973528 ], [ 128.200011247851791, 35.09962522988905 ], [ 128.199540247250894, 35.098493284327184 ], [ 128.199339718187673, 35.098011341060932 ], [ 128.199116576616404, 35.097323444537068 ], [ 128.199084311613206, 35.097223939687396 ], [ 128.199056782239921, 35.097139121573655 ], [ 128.199049458072267, 35.097116539980092 ], [ 128.199046514548684, 35.097107426268778 ], [ 128.199035734504264, 35.097074060349058 ], [ 128.199031672127632, 35.09706163120039 ], [ 128.199003770854659, 35.097022436168878 ], [ 128.198722955447494, 35.096678782268967 ], [ 128.19843699967376, 35.096342403413644 ], [ 128.198421422016111, 35.096323292201795 ], [ 128.198403052725808, 35.096300772385568 ], [ 128.198380446858408, 35.096273167898168 ], [ 128.198367919886238, 35.096257734301787 ], [ 128.19822396680064, 35.096162133041432 ], [ 128.198069635365442, 35.096059853806139 ], [ 128.197716264920388, 35.095819640631888 ], [ 128.197682964767381, 35.095808018090487 ], [ 128.196948978057833, 35.095572040918192 ], [ 128.19614314003681, 35.095713886782598 ], [ 128.195514916904642, 35.095824461691201 ], [ 128.194558933689081, 35.096180197404173 ], [ 128.193952584684126, 35.096466976793167 ], [ 128.193375756153813, 35.096801279241006 ], [ 128.192803629193349, 35.097137862262088 ], [ 128.192629814831974, 35.097240245099243 ], [ 128.192256806889617, 35.097459955559543 ], [ 128.19178021143378, 35.097733518003935 ], [ 128.191391721700114, 35.098368463706187 ], [ 128.191341770016408, 35.098454986011994 ], [ 128.19111163442696, 35.098853595611502 ], [ 128.191044243054762, 35.098970322494324 ], [ 128.190581965710436, 35.098800062280752 ], [ 128.190320319712242, 35.098703112959569 ], [ 128.190219922228806, 35.098674411540841 ], [ 128.190202736717168, 35.098671338973872 ], [ 128.190203052376631, 35.098670779921875 ], [ 128.190218433361309, 35.098643558189259 ], [ 128.190218433509131, 35.098643055035843 ], [ 128.190218595779015, 35.098603469169596 ], [ 128.190264292828203, 35.098416845983657 ], [ 128.190273133806528, 35.098380148467037 ], [ 128.190280138463066, 35.098356245808617 ], [ 128.1903236081491, 35.09812824871959 ], [ 128.190345029767315, 35.098016149141998 ], [ 128.190370782521143, 35.097880840200965 ], [ 128.190403108368741, 35.097688677249167 ], [ 128.190460905601697, 35.097345322440532 ], [ 128.190460973813487, 35.097344824309651 ], [ 128.190463158810275, 35.097210206804121 ], [ 128.189983308380306, 35.096394245927549 ], [ 128.189619900272675, 35.09594072215355 ], [ 128.189583655534022, 35.09589484383185 ], [ 128.189430628245731, 35.095701134601043 ], [ 128.189383562686828, 35.095641555884221 ], [ 128.189374897408157, 35.095615201351073 ], [ 128.189326638198963, 35.095468408120027 ], [ 128.18918853611919, 35.095048325651881 ], [ 128.189092426278819, 35.094752783561624 ], [ 128.189061920432835, 35.094679541691306 ], [ 128.188881710723166, 35.094246903765637 ], [ 128.188629419927338, 35.093804685815805 ], [ 128.188556009118741, 35.093674483120964 ], [ 128.188483667724427, 35.093546963198257 ], [ 128.188458689896351, 35.093491455216942 ], [ 128.188366716396615, 35.093288876702495 ], [ 128.188325802705918, 35.093199461162257 ], [ 128.188304838914519, 35.093153694052027 ], [ 128.188213017458878, 35.092952667283555 ], [ 128.188174603359357, 35.092868746934222 ], [ 128.188158009928657, 35.092832311113582 ], [ 128.188065171283824, 35.092629737250029 ], [ 128.188012273675071, 35.092280394668002 ], [ 128.187987767627533, 35.092115870981324 ], [ 128.187974680816211, 35.092029031383923 ], [ 128.18796585952208, 35.091976161982423 ], [ 128.18794321105517, 35.091824053277691 ], [ 128.187939192351536, 35.091755457882691 ], [ 128.187950927545131, 35.091680068001303 ], [ 128.18795098833786, 35.091679468922067 ], [ 128.187960865701882, 35.091576199742136 ], [ 128.187960924239832, 35.091575593462032 ], [ 128.187949600794042, 35.091570164501782 ], [ 128.187956460107898, 35.091519013150211 ], [ 128.18795652412436, 35.091518536685015 ], [ 128.187950812808566, 35.091388173049872 ], [ 128.187961603129168, 35.091338487211821 ], [ 128.187961652815119, 35.091337871964818 ], [ 128.187966587526006, 35.09127753771245 ], [ 128.18796663719678, 35.091276920662118 ], [ 128.187970134660048, 35.091230944350457 ], [ 128.187970186539957, 35.091230329091012 ], [ 128.187953813273452, 35.091162058069166 ], [ 128.187951869360717, 35.091115564391266 ], [ 128.187943795573233, 35.091091859200937 ], [ 128.187937964495916, 35.091075767935195 ], [ 128.187919051472619, 35.09096058460819 ], [ 128.187894380264396, 35.09081394267875 ], [ 128.187873876522161, 35.090697177749895 ], [ 128.187866143251625, 35.09065313529193 ], [ 128.187864614214732, 35.090644412723279 ], [ 128.187840883114802, 35.090509236074475 ], [ 128.187828951508664, 35.090441289692635 ], [ 128.187801296860954, 35.090284219262728 ], [ 128.187725471617426, 35.089369837151779 ], [ 128.187726076185101, 35.088973246020345 ], [ 128.187726128275301, 35.088794673135531 ], [ 128.187726168610595, 35.088790591773083 ], [ 128.18772620386855, 35.088727361953723 ], [ 128.187726244231953, 35.088689046317214 ], [ 128.187727750639198, 35.088596679353486 ], [ 128.18772934319901, 35.088497586955732 ], [ 128.187634503655516, 35.08846471650979 ], [ 128.187595034672484, 35.088468875385672 ], [ 128.187501367428894, 35.088433983769853 ], [ 128.187382616327795, 35.08838373931566 ], [ 128.187366842168672, 35.088377065919609 ], [ 128.187246249448776, 35.088330104972997 ], [ 128.187282319021563, 35.088266355311809 ], [ 128.187306159268047, 35.088224220389193 ], [ 128.18734989730865, 35.088146917838991 ], [ 128.187425007738483, 35.088014168980848 ], [ 128.187464649055954, 35.088024950499914 ], [ 128.187489252116876, 35.088031641455359 ], [ 128.187519767356065, 35.088039940896074 ], [ 128.187522374342649, 35.088040650186798 ], [ 128.187538695755535, 35.088045088730908 ], [ 128.187631449896458, 35.088070314673452 ], [ 128.187737627174755, 35.088099192077131 ], [ 128.187730780611417, 35.088082588970764 ], [ 128.187741425096789, 35.088053720804531 ], [ 128.187738937726465, 35.088042039748736 ], [ 128.187740863562112, 35.087958081536478 ], [ 128.187741270177867, 35.087910339157006 ], [ 128.187741379670967, 35.087892019418952 ], [ 128.187741411419836, 35.087886392575619 ], [ 128.187741729008224, 35.087845555987016 ], [ 128.187741852557224, 35.087833876353109 ], [ 128.187742787668924, 35.087722331465514 ], [ 128.187743526261727, 35.087630239354745 ], [ 128.187743852829641, 35.087580802214021 ], [ 128.187745717966635, 35.087530124612137 ], [ 128.187749443403874, 35.087494839450287 ], [ 128.187749504119779, 35.087494231354093 ], [ 128.187779060627037, 35.087211812586055 ], [ 128.187779125790911, 35.08721121167828 ], [ 128.187775365919009, 35.087181759745405 ], [ 128.187821733815298, 35.087107749569697 ], [ 128.18789153094778, 35.086964429156467 ], [ 128.187962460019151, 35.086721831331396 ], [ 128.187980478969365, 35.086685465969971 ], [ 128.187994809045279, 35.086647967348043 ], [ 128.188006252798914, 35.086616073893381 ], [ 128.188041410353236, 35.086518992988147 ], [ 128.188068936470131, 35.086490019980801 ], [ 128.188089936586209, 35.086420171656592 ], [ 128.18809888352132, 35.086390369898297 ], [ 128.188113562370006, 35.086309772999222 ], [ 128.188116743512836, 35.0862912085951 ], [ 128.188116753995303, 35.086290889330598 ], [ 128.188116802046522, 35.086290602314442 ], [ 128.188123771732506, 35.08607136269589 ], [ 128.188113138217005, 35.08602129522594 ], [ 128.188102985679336, 35.085973636195384 ], [ 128.188102196547959, 35.085889864682613 ], [ 128.188161077662357, 35.085881389912267 ], [ 128.188281582152001, 35.085892624771645 ], [ 128.188304666754931, 35.085897007695479 ], [ 128.188345710981736, 35.085904747622784 ], [ 128.188372836385241, 35.085822112503955 ], [ 128.188407450107178, 35.085760666509636 ], [ 128.188424222364375, 35.085684860185495 ], [ 128.188424213328062, 35.085684568083039 ], [ 128.188421970404477, 35.085601192558748 ], [ 128.188396798825806, 35.085461740062158 ], [ 128.188387836167379, 35.085415486373307 ], [ 128.188372473275109, 35.08534045580096 ], [ 128.188355889011405, 35.085259233809836 ], [ 128.188358536019535, 35.085130099435069 ], [ 128.18835905618829, 35.085103487043135 ], [ 128.188294498587766, 35.084907316950535 ], [ 128.188294028074779, 35.08490589131376 ], [ 128.188280197659537, 35.084884247639742 ], [ 128.188230855140972, 35.084806879708481 ], [ 128.188208253925012, 35.084761798081367 ], [ 128.188187835243383, 35.084721100797694 ], [ 128.188152740845624, 35.084632290432381 ], [ 128.188115890582139, 35.084538945404091 ], [ 128.188031900017847, 35.084326566284226 ], [ 128.188031962938709, 35.084325959978521 ], [ 128.188052385227195, 35.084136153305764 ], [ 128.18805245253543, 35.084135546975133 ], [ 128.188056338856114, 35.084099856907358 ], [ 128.188056408342959, 35.084099248760936 ], [ 128.188060113095503, 35.084064667022211 ], [ 128.188060175925074, 35.084064049896476 ], [ 128.188067012602147, 35.084000348617188 ], [ 128.188067073328682, 35.083999742323876 ], [ 128.188091700304312, 35.083934702950955 ], [ 128.188103283795783, 35.083815259911276 ], [ 128.188103340119142, 35.083814651839546 ], [ 128.188107117437056, 35.083774868626143 ], [ 128.18810717596935, 35.083774262345266 ], [ 128.188111897886813, 35.083723912950418 ], [ 128.188111956403901, 35.083723304866197 ], [ 128.188127116374744, 35.083562900309275 ], [ 128.188127174982469, 35.083562303045056 ], [ 128.188140427685852, 35.083430028214202 ], [ 128.188157760426321, 35.083134414402039 ], [ 128.188157816748884, 35.08313380633021 ], [ 128.188223022123083, 35.082397885631465 ], [ 128.188234645847672, 35.082266690341598 ], [ 128.188229629104995, 35.082262852282653 ], [ 128.188229687635499, 35.082262246001591 ], [ 128.188254209674142, 35.081961985387586 ], [ 128.188265034307477, 35.081888333619482 ], [ 128.188265103806344, 35.081887727276104 ], [ 128.188271477301726, 35.081835000597295 ], [ 128.18828229622963, 35.081745785348936 ], [ 128.188282367906851, 35.081745177189738 ], [ 128.188307905111145, 35.081666626779395 ], [ 128.188365404567008, 35.081489862854696 ], [ 128.188365505113552, 35.081489557506067 ], [ 128.188358634777927, 35.081437686877621 ], [ 128.188383522108097, 35.081429870251448 ], [ 128.188392023254664, 35.081427250317361 ], [ 128.188439071755255, 35.081287155095993 ], [ 128.188449645463123, 35.08124033059547 ], [ 128.188482395076079, 35.081194078117868 ], [ 128.188525470032971, 35.081048737629878 ], [ 128.188606346735043, 35.08084957943435 ], [ 128.188658876262508, 35.080734722511892 ], [ 128.188671807241917, 35.080672909005202 ], [ 128.188671881760882, 35.080672378376612 ], [ 128.188652610925885, 35.080590913728265 ], [ 128.188708262350616, 35.080376636357848 ], [ 128.188725913052309, 35.080323802316535 ], [ 128.188950890622095, 35.079836614547787 ], [ 128.189166962664558, 35.079358245176479 ], [ 128.189246277018441, 35.0792290644887 ], [ 128.189425678809727, 35.078957755329625 ], [ 128.189652326103868, 35.078569021645471 ], [ 128.189792565022799, 35.078239711213897 ], [ 128.189869937856429, 35.078076498886674 ], [ 128.190081004161328, 35.0776312643777 ], [ 128.190218849265676, 35.07745128845589 ], [ 128.190464658422599, 35.077130344731223 ], [ 128.190855989481264, 35.07673496679503 ], [ 128.190918083723005, 35.076670753927203 ], [ 128.190951797087479, 35.076635891091321 ], [ 128.19161493460507, 35.076498928490686 ], [ 128.1922926895449, 35.076573450710811 ], [ 128.192767483624635, 35.076711817393964 ], [ 128.193713260369321, 35.076735444302344 ], [ 128.194248008360688, 35.076736046997631 ], [ 128.194752943329917, 35.076746726120561 ], [ 128.195565873856594, 35.076740515348909 ], [ 128.195679559023063, 35.076739645041634 ], [ 128.197179497540816, 35.076723686147751 ], [ 128.197955678409215, 35.076685315465177 ], [ 128.198433788773627, 35.076749321891306 ], [ 128.199484426514459, 35.076611636784961 ], [ 128.199565071150943, 35.076601714484603 ], [ 128.200237241249539, 35.076519014986779 ], [ 128.200679842298086, 35.076445724887314 ], [ 128.200958603670102, 35.076399564115306 ], [ 128.201310986997953, 35.076471052254568 ], [ 128.201341887031617, 35.076477237827071 ], [ 128.201863338214309, 35.076581997037771 ], [ 128.202773093931569, 35.076660830941904 ], [ 128.203052339877502, 35.076685026552099 ], [ 128.203119140442169, 35.076690814182463 ], [ 128.203124519091432, 35.076691280741777 ], [ 128.203337853953883, 35.076634377543812 ], [ 128.203980001984519, 35.076627479443978 ], [ 128.204091051925161, 35.076605386701914 ], [ 128.204448218660673, 35.076388179099403 ], [ 128.205154868014262, 35.076302263828609 ], [ 128.205486047575107, 35.076343022840241 ], [ 128.20559591, 35.076422102013481 ], [ 128.205586917558435, 35.076423079486588 ], [ 128.205587632838785, 35.076423603726717 ], [ 128.205604772920168, 35.076436147771318 ], [ 128.205641611161951, 35.076463294900265 ], [ 128.205725466660084, 35.076525109658682 ], [ 128.205822193170064, 35.076583899055443 ], [ 128.20588575682126, 35.076593615615103 ], [ 128.205919453025217, 35.076598768418535 ], [ 128.206060418898289, 35.076566306813859 ], [ 128.206192310372984, 35.076478733114833 ], [ 128.206331982035721, 35.076385990446909 ], [ 128.206341891677255, 35.076379440423146 ], [ 128.20650386130464, 35.076336984056887 ], [ 128.206602903223001, 35.07630819615401 ], [ 128.206691446753354, 35.076283575731438 ], [ 128.207137578443621, 35.076236915890448 ], [ 128.207812986771188, 35.076174449443137 ], [ 128.208849567560208, 35.07597475662007 ], [ 128.209352435814196, 35.075825854851686 ], [ 128.209387049389534, 35.075815605543987 ], [ 128.209849700221298, 35.075681595146733 ], [ 128.21023197952087, 35.075619301350244 ], [ 128.210683347749239, 35.075542964055742 ], [ 128.210723465278903, 35.075564618848965 ], [ 128.210726125530726, 35.075566055010519 ], [ 128.210728979373641, 35.075560723612 ], [ 128.210774319251385, 35.075476032666685 ], [ 128.210784050840317, 35.075457858490743 ], [ 128.210905229990374, 35.075166406515081 ], [ 128.210939274173938, 35.074920613819195 ], [ 128.211032958147058, 35.074244222672199 ], [ 128.210984301640082, 35.073291563402343 ], [ 128.210982815274633, 35.073262459524017 ], [ 128.210794294694949, 35.073039565488017 ], [ 128.210579064279642, 35.072808176639256 ], [ 128.210460959435579, 35.072737828271812 ], [ 128.210073696776618, 35.07250715038878 ], [ 128.209680089569758, 35.072277163014029 ], [ 128.209539407933192, 35.072194963921994 ], [ 128.208844463199455, 35.071792419629787 ], [ 128.208337048178635, 35.071501378107506 ], [ 128.20803981370554, 35.071702478174387 ], [ 128.208039339378786, 35.071702800148792 ], [ 128.208170714298433, 35.071793226639855 ], [ 128.208211997121452, 35.071802406643997 ], [ 128.208022868518555, 35.071966522008189 ], [ 128.20782629171191, 35.072137098918212 ], [ 128.207506713768908, 35.0720489567613 ], [ 128.207439194436887, 35.072043738382305 ], [ 128.207253205345694, 35.072029416510389 ], [ 128.20723761785311, 35.072028178287887 ], [ 128.206987538892236, 35.07182318083364 ], [ 128.206931141138483, 35.071794283358116 ], [ 128.206692141032079, 35.071671820943216 ], [ 128.206285405109838, 35.071527337765332 ], [ 128.206219823779378, 35.071489719796382 ], [ 128.206081323456743, 35.071410376799321 ], [ 128.205848528555123, 35.071276884727773 ], [ 128.205141159153357, 35.071079148049357 ], [ 128.204785643692816, 35.070986740528014 ], [ 128.20464093562677, 35.070949127020853 ], [ 128.204100626445523, 35.070519829951522 ], [ 128.203908563453524, 35.070407848686713 ], [ 128.203862919380526, 35.070381235405947 ], [ 128.203602010068778, 35.070366134384301 ], [ 128.203351721514508, 35.07033307045387 ], [ 128.203248634463023, 35.07031945367288 ], [ 128.203044568313828, 35.070130805064657 ], [ 128.202835451895453, 35.069792542901347 ], [ 128.202415718744021, 35.06957726189593 ], [ 128.202357575646232, 35.069529517603328 ], [ 128.202171602097877, 35.069376800469833 ], [ 128.201755613745746, 35.069226463716227 ], [ 128.201585507441962, 35.06920096548928 ], [ 128.201350747303451, 35.069165774212259 ], [ 128.201317052250289, 35.069160621909681 ], [ 128.201246348799316, 35.069041710948554 ], [ 128.201201532232176, 35.068966244391184 ], [ 128.200963129824714, 35.068564871526114 ], [ 128.200518928682897, 35.068146703239563 ], [ 128.200305188762627, 35.067968827100422 ], [ 128.200062467465386, 35.067713155922078 ], [ 128.199574800325593, 35.067352776729471 ], [ 128.199096276634322, 35.066813102479607 ], [ 128.199091940130984, 35.066808213148576 ], [ 128.198950117257738, 35.066693490645569 ], [ 128.198064627706316, 35.066282024818648 ], [ 128.197681247494103, 35.066169206589919 ], [ 128.197677912504503, 35.066169095926895 ], [ 128.197268413065302, 35.066155627504735 ], [ 128.197228863668329, 35.066050088615974 ], [ 128.197181291809102, 35.065923135092724 ], [ 128.197117933267663, 35.065754056855532 ], [ 128.196961771160716, 35.065337315779331 ], [ 128.196866671392343, 35.065280890261988 ], [ 128.196763971588098, 35.065219954684196 ], [ 128.196175718072396, 35.065022407705939 ], [ 128.196083022156017, 35.064887572954753 ], [ 128.195860770053883, 35.064564295133124 ], [ 128.195300577603803, 35.064196222441524 ], [ 128.195209877528896, 35.064136628814786 ], [ 128.195202272039722, 35.064119051153448 ], [ 128.195030509037451, 35.063721947737392 ], [ 128.194573003465678, 35.063373150547505 ], [ 128.194512467073338, 35.062965247958907 ], [ 128.194438422482676, 35.062466312750189 ], [ 128.19443165709788, 35.062420730258218 ], [ 128.194409946456318, 35.062394212564591 ], [ 128.194222609598597, 35.062165389780191 ], [ 128.193994479337704, 35.061886744245811 ], [ 128.19373027315109, 35.061707601154069 ], [ 128.193545570489363, 35.061582361746964 ], [ 128.193740512521146, 35.061240637744341 ], [ 128.194042479855483, 35.060711136249125 ], [ 128.194042309086512, 35.060710913601532 ], [ 128.193836811148373, 35.060442037177786 ], [ 128.193680597161659, 35.060237643153989 ], [ 128.193666240576277, 35.060235005690068 ], [ 128.19339659961247, 35.060186422973992 ], [ 128.193344027442635, 35.060176950726415 ], [ 128.192791210667451, 35.059866105973718 ], [ 128.192629243180846, 35.059424497393699 ], [ 128.192266236153756, 35.058962961225369 ], [ 128.192275002663592, 35.058717684981531 ], [ 128.192297775505352, 35.058354482130454 ], [ 128.192102727371832, 35.058106581723131 ], [ 128.191904750031085, 35.057853453330445 ], [ 128.191782995611476, 35.057530834938575 ], [ 128.191608809420302, 35.057218279100653 ], [ 128.191441475257108, 35.057104637921071 ], [ 128.191443103979339, 35.056630531297756 ], [ 128.191443116193483, 35.056626516800961 ], [ 128.191432507681981, 35.056614808108883 ], [ 128.191165172929345, 35.056319754521049 ], [ 128.190950946147609, 35.056013283310861 ], [ 128.190679636150946, 35.055625443295391 ], [ 128.190525919807271, 35.055408799885114 ], [ 128.190439285765933, 35.055145695112742 ], [ 128.190223608735323, 35.054448815853156 ], [ 128.190157288296859, 35.054320325688458 ], [ 128.190053724792904, 35.054119683019472 ], [ 128.189912945203957, 35.054023692002183 ], [ 128.189518268638039, 35.053754572453656 ], [ 128.189221359596701, 35.053436412816978 ], [ 128.188633382880909, 35.053179252262005 ], [ 128.188011245628388, 35.052990587403421 ], [ 128.187690416044802, 35.052892397467488 ], [ 128.187679745872714, 35.052715853659024 ], [ 128.187678715676014, 35.052698523145139 ], [ 128.1874096111668, 35.052341959640152 ], [ 128.18665217608779, 35.051723539889544 ], [ 128.186179597591945, 35.051643470758343 ], [ 128.185758478723841, 35.051573319910595 ], [ 128.185724523489711, 35.051465354822717 ], [ 128.185025110379428, 35.051007870151928 ], [ 128.184426269739959, 35.050943197783219 ], [ 128.18442589768236, 35.050943157501699 ], [ 128.18438058083521, 35.050938328393904 ], [ 128.18432278448833, 35.050923906893473 ], [ 128.184333991360973, 35.050957474921205 ], [ 128.184352255581331, 35.051012218674479 ], [ 128.183554397373882, 35.0513340464978 ], [ 128.182792246428562, 35.051472156597541 ], [ 128.181761702328401, 35.052048463691705 ], [ 128.181625974549206, 35.052065834172524 ], [ 128.181522129088961, 35.052079173268432 ], [ 128.181388710773518, 35.05209631049145 ], [ 128.18117753173243, 35.052273419167157 ], [ 128.181094611603612, 35.052342667527697 ], [ 128.180736519493877, 35.052641742819787 ], [ 128.180180996027474, 35.052834591325464 ], [ 128.179712368497235, 35.05299714787558 ], [ 128.179306567879308, 35.053241349131554 ], [ 128.17835390275377, 35.053476429735632 ], [ 128.178058226337811, 35.053549331748357 ], [ 128.177508526130651, 35.053487918733907 ], [ 128.17741719741494, 35.053257844115656 ], [ 128.177277527392249, 35.052904877719214 ], [ 128.176765931614824, 35.052483257890302 ], [ 128.176742731663154, 35.052464207842149 ], [ 128.176073805717778, 35.052503760973664 ], [ 128.175752805303091, 35.052513351139524 ], [ 128.175745459838936, 35.052512721180726 ], [ 128.175740524432001, 35.052512339294076 ], [ 128.175581160345814, 35.052410232126498 ], [ 128.17534091958936, 35.052256388264496 ], [ 128.174814596429513, 35.052279783386574 ], [ 128.174222350172073, 35.052191007702355 ], [ 128.173407395787279, 35.052083275284424 ], [ 128.173356175648422, 35.05207650277714 ], [ 128.173287246942436, 35.052067391197234 ], [ 128.172551463715706, 35.05197019917766 ], [ 128.172425115319044, 35.05195350640242 ], [ 128.171754560230681, 35.052580722226537 ], [ 128.171766138773563, 35.052606578811442 ], [ 128.172108347834495, 35.053370882269526 ], [ 128.171198011226068, 35.055105122147431 ], [ 128.171176327681138, 35.055146427039837 ], [ 128.171097259535685, 35.055204830316825 ], [ 128.170807540412341, 35.055418828056126 ], [ 128.17025373795633, 35.056408273105539 ], [ 128.170237313148135, 35.056433506365252 ], [ 128.17006269314831, 35.05670332446936 ], [ 128.169669206218344, 35.057310147469508 ], [ 128.169239121259182, 35.057752973393718 ], [ 128.169104087627034, 35.057892142299536 ], [ 128.168573957534903, 35.058189601335371 ], [ 128.168376178764191, 35.05830064992201 ], [ 128.168309237536391, 35.05833819102557 ], [ 128.168146049396171, 35.058473126236478 ], [ 128.167355171407195, 35.059126714290755 ], [ 128.167226353627768, 35.059607051106802 ], [ 128.167160333676748, 35.059854555193041 ], [ 128.166995512535635, 35.060212154527299 ], [ 128.166651108945103, 35.0604675467522 ], [ 128.166403625491171, 35.060769612111578 ], [ 128.166317671118406, 35.060891548815064 ], [ 128.165899833397219, 35.062006284477761 ], [ 128.165784406568179, 35.062248904781278 ], [ 128.164954203431762, 35.063128323413011 ], [ 128.164935798712037, 35.06364196480483 ], [ 128.164035645142093, 35.064422623412987 ], [ 128.163430998145259, 35.064807806124101 ], [ 128.162909664213572, 35.06529542146825 ], [ 128.162692830438658, 35.065610281009995 ], [ 128.162426846669206, 35.066180791042385 ], [ 128.162009634484491, 35.066256320535508 ], [ 128.16177604540178, 35.066269118251036 ], [ 128.161637661728719, 35.066270017485166 ], [ 128.161180145459866, 35.066452828056022 ], [ 128.161123484390771, 35.066475473264894 ], [ 128.160836435936744, 35.06658617827847 ], [ 128.159941033017219, 35.066051761917009 ], [ 128.159687746742122, 35.06582476631678 ], [ 128.15920404959428, 35.065534768312091 ], [ 128.158508619396287, 35.06544606610349 ], [ 128.158507665132447, 35.0654460514466 ], [ 128.158160290799088, 35.065440941389333 ], [ 128.15792864705864, 35.065712230817212 ], [ 128.157817421460635, 35.065842329241619 ], [ 128.156844099663942, 35.065811358807586 ], [ 128.156043266956573, 35.065785871528306 ], [ 128.155913548607174, 35.066231980163209 ], [ 128.155778376328811, 35.066704193887851 ], [ 128.155525531751323, 35.067286540394242 ], [ 128.155330120880308, 35.068153225445286 ], [ 128.154779495594624, 35.069679841190094 ], [ 128.154683553585159, 35.069908600857602 ], [ 128.154328689913257, 35.07075470728666 ], [ 128.153608526531883, 35.071182870089544 ], [ 128.15351362081185, 35.071239291351709 ], [ 128.153442530970807, 35.071545050464252 ], [ 128.153378252894555, 35.071821501406539 ], [ 128.153137978597016, 35.072251623413251 ], [ 128.15301092462343, 35.072311043374484 ], [ 128.152802030572161, 35.072408736924764 ], [ 128.152763342182368, 35.072703011905979 ], [ 128.152742609671975, 35.072860799781012 ], [ 128.152561732150616, 35.073228251051468 ], [ 128.152154359771885, 35.07405639533377 ], [ 128.152002218952958, 35.074372589312929 ], [ 128.15146882381049, 35.074497913767345 ], [ 128.150445751731581, 35.074738425792354 ], [ 128.14966110392848, 35.074929363706296 ], [ 128.149518017747937, 35.074962826227107 ], [ 128.149166627733308, 35.075044874444799 ], [ 128.148880442040564, 35.075112450164312 ], [ 128.148788267242509, 35.07513421381244 ], [ 128.148723331254843, 35.075468578274311 ], [ 128.14868759754188, 35.075652575516941 ], [ 128.148632377662437, 35.07578289609198 ], [ 128.148497550992261, 35.076101085949944 ], [ 128.148352618956608, 35.076443402704534 ], [ 128.148130630803905, 35.077081478170584 ], [ 128.148129966382783, 35.07708317874522 ], [ 128.14795802815209, 35.077577000843014 ], [ 128.147936622487606, 35.077638464146901 ], [ 128.147942487094724, 35.077639935968833 ], [ 128.14850530614828, 35.077781240444331 ], [ 128.148648682775104, 35.077817341086103 ], [ 128.149434441342152, 35.078584460818128 ], [ 128.150249748532076, 35.07935637265733 ], [ 128.151352965199493, 35.080183421626728 ], [ 128.151677936967076, 35.080780560520026 ], [ 128.151827422869331, 35.081058184182517 ], [ 128.152443003797316, 35.080848179763656 ], [ 128.152784717607005, 35.080731603355446 ], [ 128.152996748354411, 35.080709803592399 ], [ 128.153664473328945, 35.080641147723682 ], [ 128.155051388848364, 35.080498529858325 ], [ 128.156133402831102, 35.080353014217877 ], [ 128.156197395249251, 35.080344426319343 ], [ 128.156636834872643, 35.080675103989073 ], [ 128.1566520682494, 35.080686515624855 ], [ 128.156753537853007, 35.080762859618751 ], [ 128.157635721323743, 35.081009351583482 ], [ 128.15776254046645, 35.081044746676362 ], [ 128.158563293395957, 35.080857151257888 ], [ 128.159175063468638, 35.080713861925645 ], [ 128.159766980081031, 35.080727079423127 ], [ 128.160656715401842, 35.08049338831421 ], [ 128.161152540956095, 35.080156996892335 ], [ 128.162398891041164, 35.079837658616576 ], [ 128.162550235971736, 35.079845206945286 ], [ 128.162728325464712, 35.079854065195605 ], [ 128.162753896227713, 35.079855365484548 ], [ 128.163831520790836, 35.08041440984546 ], [ 128.164232422764741, 35.080754331155369 ], [ 128.16425155914709, 35.08080487366221 ], [ 128.164393195162887, 35.081178960813425 ], [ 128.164496200363686, 35.081451018022619 ], [ 128.164814144035148, 35.081665962025014 ], [ 128.165765737802957, 35.081959945422575 ], [ 128.165811144431075, 35.081973972017614 ], [ 128.165931971725655, 35.082475193728328 ], [ 128.165982629804603, 35.082685331598228 ], [ 128.167033228200097, 35.082906489009915 ], [ 128.167594100356041, 35.083024463564612 ], [ 128.168675017712928, 35.083516518363126 ], [ 128.168851543890895, 35.08359687553191 ], [ 128.169266431553439, 35.083785732869281 ], [ 128.169322988971601, 35.083811532446703 ], [ 128.169160265971527, 35.083958568935493 ], [ 128.168547283840667, 35.084512011472668 ], [ 128.167722825121956, 35.085688817463442 ], [ 128.168530699489622, 35.086162115812357 ], [ 128.168496662405062, 35.086322706906408 ], [ 128.168427965269274, 35.086648254963848 ], [ 128.168472962901916, 35.086968068961603 ], [ 128.168527139787727, 35.087355527305647 ], [ 128.16845194900921, 35.087537919559338 ], [ 128.168488489069262, 35.087769515330969 ], [ 128.168587935304117, 35.088399606823238 ], [ 128.168727557702141, 35.088579092321901 ], [ 128.168679928620008, 35.088747839491184 ], [ 128.168668274919526, 35.088789377003131 ], [ 128.168660676346093, 35.088816461186262 ], [ 128.168653499706721, 35.088841746835932 ], [ 128.169064043098444, 35.089060020646386 ], [ 128.169287111801651, 35.089178698970869 ], [ 128.169394481151443, 35.089265720017195 ], [ 128.16983901772889, 35.08962601124243 ], [ 128.170008196036633, 35.089763239214605 ], [ 128.170011401366338, 35.089771794959034 ], [ 128.170185638151366, 35.090239492052675 ], [ 128.170121161477283, 35.090427409417025 ], [ 128.170281757543478, 35.090803429145637 ], [ 128.170219909418933, 35.090884639039913 ], [ 128.169987435688483, 35.09118988557573 ], [ 128.170056964906848, 35.091548185165287 ], [ 128.170078574081202, 35.091693453769921 ], [ 128.170105676664406, 35.09171980703205 ], [ 128.170099745311632, 35.091784642060539 ], [ 128.170148952231955, 35.092015685616651 ], [ 128.170176265079078, 35.092032322682066 ], [ 128.170231577637509, 35.092065872527286 ], [ 128.170241057367747, 35.092081547741095 ], [ 128.17030284021007, 35.092185306748256 ], [ 128.17034401981374, 35.092237019352027 ], [ 128.170360082556158, 35.092257850203339 ], [ 128.170487821095861, 35.092324497986539 ], [ 128.170502866190049, 35.092346180249002 ], [ 128.170517341676742, 35.092375473380699 ], [ 128.170532152996117, 35.09240504869171 ], [ 128.170562997138688, 35.092501639636829 ], [ 128.170551175652832, 35.092562025756955 ], [ 128.170546792802611, 35.092598476344399 ], [ 128.170537081680578, 35.092679049980347 ], [ 128.170598405550521, 35.092774082814913 ], [ 128.170612410273208, 35.092794638268714 ], [ 128.17061801717486, 35.092803043649347 ], [ 128.170740989471199, 35.092991415795467 ], [ 128.17075953308256, 35.09301855565073 ], [ 128.171210701059152, 35.093703134216383 ], [ 128.171314818918177, 35.094155172438249 ], [ 128.171332727621632, 35.094233024219228 ], [ 128.172058635238272, 35.095318699902911 ], [ 128.171612026528322, 35.095817172122167 ], [ 128.171478454426477, 35.09596632958867 ], [ 128.171304462754421, 35.096021956446634 ], [ 128.170798095605193, 35.096183932248437 ], [ 128.170647553330951, 35.096232086716363 ], [ 128.170457422497151, 35.09629290169746 ], [ 128.170453726482975, 35.096298155652967 ], [ 128.169972126638896, 35.096963283369824 ], [ 128.169880436984585, 35.097090110360902 ], [ 128.168953315336921, 35.096706223973307 ], [ 128.168575700947059, 35.096525933527282 ], [ 128.168312462469686, 35.096518320833809 ], [ 128.167516454763955, 35.096495290340748 ], [ 128.167279726842736, 35.096488389676161 ], [ 128.167029828004729, 35.096481102941738 ], [ 128.166406728219414, 35.096895064783546 ], [ 128.166283176555226, 35.097051164157811 ], [ 128.166213484226944, 35.097138871317227 ], [ 128.166101680312664, 35.097253724006947 ], [ 128.166066212742805, 35.097290261331338 ], [ 128.166045971946374, 35.097312574400355 ], [ 128.165926600765289, 35.097448908429406 ], [ 128.165170543023606, 35.098313391718385 ], [ 128.164417354015285, 35.099260784686003 ], [ 128.164245344808137, 35.099552535456695 ], [ 128.163987667637826, 35.099989470393055 ], [ 128.163725302483755, 35.100435034533589 ], [ 128.163340806799027, 35.100727122011818 ], [ 128.163223546268, 35.100893022356125 ], [ 128.163019285711698, 35.101182691703265 ], [ 128.162904856646577, 35.101330946947691 ], [ 128.162760454468099, 35.101518052837804 ], [ 128.162689246616537, 35.101610313550566 ], [ 128.162666185997296, 35.101591382893325 ], [ 128.162423853780126, 35.101391530640981 ], [ 128.162384955259597, 35.101359451186816 ], [ 128.162156671280883, 35.101285578678556 ], [ 128.161417475977089, 35.10104636514118 ], [ 128.160653567435475, 35.10062601303958 ], [ 128.160516651335115, 35.100550671061995 ], [ 128.160306913212878, 35.100512106805098 ], [ 128.159837037067689, 35.100425712331315 ], [ 128.159640691119563, 35.100389645703764 ], [ 128.159411752447511, 35.100498839174598 ], [ 128.158797288957317, 35.100792001492131 ], [ 128.158795815661222, 35.10079407621442 ], [ 128.15855030806344, 35.101140090011874 ], [ 128.158372299868546, 35.101386409948731 ], [ 128.158217866236328, 35.101600107657148 ], [ 128.158195571006047, 35.102157008553156 ], [ 128.158174304724071, 35.102713909220391 ], [ 128.157930456225813, 35.10372075678999 ], [ 128.158039556232922, 35.104092918279328 ], [ 128.157196879346571, 35.104973944391595 ], [ 128.157015658368124, 35.105125800480799 ], [ 128.157050982331612, 35.10529740790264 ], [ 128.157022138692611, 35.105345655932943 ], [ 128.156432874498563, 35.106331342091757 ], [ 128.156071634423313, 35.106477586217558 ], [ 128.155701461491589, 35.106621940717503 ], [ 128.155094031693721, 35.106907966045789 ], [ 128.154950971333847, 35.107068186269032 ], [ 128.155595422551869, 35.107853370929782 ], [ 128.155463724196466, 35.10881956876176 ], [ 128.154645216149419, 35.109183372697565 ], [ 128.154272782386641, 35.109972031408994 ], [ 128.154170030674237, 35.110040809143022 ], [ 128.154062900863039, 35.110112517517805 ], [ 128.153718283447802, 35.110343186539453 ], [ 128.153675841686521, 35.110419916286311 ], [ 128.153531764555424, 35.110679842091685 ], [ 128.152504517148799, 35.111142222361011 ], [ 128.151997219873749, 35.11160557394787 ], [ 128.151358181722827, 35.111791338245567 ], [ 128.150956000818979, 35.112173408769095 ], [ 128.150768549164098, 35.112371226444402 ], [ 128.150534699412731, 35.112512011861135 ], [ 128.149981691188827, 35.112845242262843 ], [ 128.148919399194341, 35.113183853070112 ], [ 128.148203898851335, 35.113761120337571 ], [ 128.147346535054226, 35.114464355774643 ], [ 128.146234499412657, 35.114851298640289 ], [ 128.146114538399985, 35.114876652117218 ], [ 128.145749524032539, 35.114953330693375 ], [ 128.14539198286289, 35.115172596869982 ], [ 128.14477270107389, 35.115229410662558 ], [ 128.143798684833286, 35.115339716895292 ], [ 128.14360677921681, 35.115637680001726 ], [ 128.143411808816069, 35.115717399859378 ], [ 128.143284733285697, 35.115797603108035 ], [ 128.143052117700847, 35.115929353214042 ], [ 128.14237083756214, 35.116040832273796 ], [ 128.14183607731394, 35.116088391507894 ], [ 128.141120305106142, 35.116232939574004 ], [ 128.141003866242954, 35.11625645153498 ], [ 128.140835729962589, 35.116220141502055 ], [ 128.140770913191488, 35.116206141593928 ], [ 128.140442095697239, 35.116076711545489 ], [ 128.139649833483361, 35.116020644568543 ], [ 128.139593765890055, 35.116016520250824 ], [ 128.139297690197111, 35.115995474515536 ], [ 128.139030230911033, 35.115976462036073 ], [ 128.139007885254131, 35.115950826161523 ], [ 128.139006208754097, 35.11594889993458 ], [ 128.138791615649865, 35.115702679931744 ], [ 128.138671429630023, 35.115563822641207 ], [ 128.138362051672658, 35.115371500361952 ], [ 128.138293256380592, 35.115328735753479 ], [ 128.137698889544367, 35.115546337098472 ], [ 128.137629420845343, 35.115571770021525 ], [ 128.137245658075358, 35.115714092054475 ], [ 128.137054790536382, 35.115784875784819 ], [ 128.136402797908033, 35.1160308104389 ], [ 128.136292859447451, 35.116097297022677 ], [ 128.136124392766646, 35.116199172517902 ], [ 128.135859677311714, 35.116340650765174 ], [ 128.135481197977725, 35.116560502623202 ], [ 128.135385758585471, 35.116772496714702 ], [ 128.135371124777777, 35.116804883417643 ], [ 128.13533736729849, 35.11689209049635 ], [ 128.135277413471925, 35.117043059365791 ], [ 128.135306945470433, 35.117170365494289 ], [ 128.135337553120422, 35.117238738468885 ], [ 128.135357173840788, 35.117282561419209 ], [ 128.135355854153119, 35.117282767613929 ], [ 128.13532639780189, 35.117287353001274 ], [ 128.135176869633028, 35.117310993131049 ], [ 128.134811685697997, 35.117200212556114 ], [ 128.134681544443538, 35.117155929488504 ], [ 128.134443515128766, 35.117074934419328 ], [ 128.134407982406572, 35.117071448640608 ], [ 128.13417598862668, 35.117048702441302 ], [ 128.134030245429955, 35.117044992391349 ], [ 128.133779305758907, 35.117033255195516 ], [ 128.133574297943852, 35.117007432583655 ], [ 128.133234544290588, 35.116963565312204 ], [ 128.132954756768669, 35.116958851729073 ], [ 128.132781241554142, 35.116989200232894 ], [ 128.132720721972277, 35.116999483631503 ], [ 128.13265267124595, 35.117011665629335 ], [ 128.132632845495891, 35.117015085586125 ], [ 128.132161023074332, 35.117228058116901 ], [ 128.132061888442223, 35.117248140348416 ], [ 128.131976654606945, 35.117265507118667 ], [ 128.131857944771781, 35.117179066976277 ], [ 128.13177749162702, 35.116889144460259 ], [ 128.13169671971184, 35.116674997673478 ], [ 128.131652377389315, 35.116590766654326 ], [ 128.131623524971559, 35.116537381688985 ], [ 128.131589542728875, 35.11647197572281 ], [ 128.131582676331675, 35.116458759997258 ], [ 128.131458390175595, 35.116270368011023 ], [ 128.131431444061633, 35.116230478850184 ], [ 128.131349726682231, 35.116171244783857 ], [ 128.131335487070203, 35.116167580467753 ], [ 128.131135731367806, 35.116159019316441 ], [ 128.130897944279383, 35.116142783873222 ], [ 128.130789843664644, 35.116137081394228 ], [ 128.130761771745654, 35.116135604398742 ], [ 128.130533342157662, 35.116076189037237 ], [ 128.130370552427536, 35.116028132473417 ], [ 128.130176552812912, 35.116005151245574 ], [ 128.130107554261315, 35.115972279280186 ], [ 128.129973041458584, 35.115774651297798 ], [ 128.129936109043399, 35.115720389067725 ], [ 128.129829341899153, 35.115634057055047 ], [ 128.129730389766223, 35.11556045073354 ], [ 128.129496518494904, 35.115386486993181 ], [ 128.12941163377107, 35.115321788366273 ], [ 128.129235146325243, 35.115199788252653 ], [ 128.129085084406455, 35.115080634491513 ], [ 128.129067718937563, 35.115065160222365 ], [ 128.1288462055183, 35.114934701620889 ], [ 128.128760777591935, 35.114879731174319 ], [ 128.128562962173788, 35.114752434045428 ], [ 128.128527145344293, 35.114740370054193 ], [ 128.12831627665696, 35.114659733284178 ], [ 128.12827043837197, 35.114642204507739 ], [ 128.128106333302497, 35.114598663836404 ], [ 128.127949388247771, 35.11459295220245 ], [ 128.127820853863312, 35.114628086699256 ], [ 128.127706818797265, 35.114710260254022 ], [ 128.127662847902997, 35.114767080076689 ], [ 128.127647880878271, 35.114786420775765 ], [ 128.12760440522095, 35.114941032818344 ], [ 128.127547644046246, 35.115124503373977 ], [ 128.127499119894253, 35.115335631745118 ], [ 128.127482302054489, 35.115408870810654 ], [ 128.127474853875412, 35.115415001308961 ], [ 128.1274104459971, 35.115467992671945 ], [ 128.127303003471269, 35.115556306621038 ], [ 128.1268466912924, 35.115949640804246 ], [ 128.126701494717054, 35.116009857447224 ], [ 128.126471720132685, 35.116027200203405 ], [ 128.125958441107201, 35.116217015892339 ], [ 128.125659000496341, 35.116327664960117 ], [ 128.125443448436044, 35.116380214411173 ], [ 128.125349254642856, 35.116376873542428 ], [ 128.125286828190212, 35.116374639240632 ], [ 128.125236385804669, 35.116356083484675 ], [ 128.125117532647266, 35.11631213223977 ], [ 128.124545591717805, 35.115924942687649 ], [ 128.124448766609163, 35.11586316862477 ], [ 128.124380991142488, 35.115819990473845 ], [ 128.124203586970566, 35.11570616893404 ], [ 128.124067706056081, 35.115621649892176 ], [ 128.123920426780614, 35.115530074883225 ], [ 128.123460543861881, 35.115239293776341 ], [ 128.123352687816862, 35.115172696411257 ], [ 128.123329355533173, 35.115158338557485 ], [ 128.123285961165152, 35.115131634866088 ], [ 128.123075854062535, 35.115008372089477 ], [ 128.122825513256856, 35.114924642804269 ], [ 128.122598817198707, 35.114790424802109 ], [ 128.122171694713018, 35.114514262088733 ], [ 128.122065886184828, 35.114446798230702 ], [ 128.121435380818781, 35.114035778053385 ], [ 128.121117331849632, 35.113913510595467 ], [ 128.120856011487149, 35.11375481666574 ], [ 128.120578981943567, 35.113708684496046 ], [ 128.120420096197421, 35.113766024148241 ], [ 128.120270698474457, 35.113819939044369 ], [ 128.120159254042449, 35.113859636211963 ], [ 128.119680583499729, 35.114030142910508 ], [ 128.119652596035877, 35.114039701628741 ], [ 128.11913331386998, 35.114216298320379 ], [ 128.118742791735514, 35.114300037662503 ], [ 128.118454567158523, 35.114315916031501 ], [ 128.118379131611931, 35.114286623824988 ], [ 128.118261273007334, 35.114240673365785 ], [ 128.118167662096141, 35.114187742542505 ], [ 128.118106172460102, 35.114152961575677 ], [ 128.117964763601009, 35.11396358059342 ], [ 128.117852342918439, 35.113813077667842 ], [ 128.117607830392473, 35.113477906754781 ], [ 128.117521878714058, 35.113207747059093 ], [ 128.117465468816732, 35.112967592683034 ], [ 128.117380665941425, 35.112780931620193 ], [ 128.117342145107216, 35.11269635809051 ], [ 128.117185562628777, 35.112273341104803 ], [ 128.117185081379432, 35.112263073082808 ], [ 128.117184661458367, 35.112257154595589 ], [ 128.11718058943714, 35.112109181337544 ], [ 128.117101474081238, 35.111736440432367 ], [ 128.116930307716075, 35.111425657341961 ], [ 128.116806586828829, 35.111200767509722 ], [ 128.116597727782846, 35.110940464048426 ], [ 128.116148896046553, 35.110551389665041 ], [ 128.115950011482056, 35.110369016022169 ], [ 128.115854555884084, 35.11028159149442 ], [ 128.11559898738156, 35.109988634561027 ], [ 128.115240678759051, 35.109651543144345 ], [ 128.115214971818034, 35.109626848628281 ], [ 128.115192742301161, 35.109605223013162 ], [ 128.115169860387709, 35.109586145330368 ], [ 128.11467821813244, 35.109223797365594 ], [ 128.114612696125022, 35.109168913354068 ], [ 128.114457371152326, 35.109038384687885 ], [ 128.114035925562888, 35.108674892839524 ], [ 128.11400095658604, 35.108644733718599 ], [ 128.113971498618127, 35.108621057024614 ], [ 128.113771885746019, 35.108526720976705 ], [ 128.11362687519761, 35.108458187490427 ], [ 128.113566488592681, 35.108428314696965 ], [ 128.113484942912095, 35.108388056650789 ], [ 128.113148818303273, 35.108222177907827 ], [ 128.112954260317167, 35.108221477396945 ], [ 128.112696028914684, 35.108220545653168 ], [ 128.112180629934812, 35.108202466897211 ], [ 128.111936849263827, 35.108168411969721 ], [ 128.11175776030143, 35.108143380849341 ], [ 128.111715069089598, 35.108104338505726 ], [ 128.11160783455091, 35.108006180131369 ], [ 128.111528554915509, 35.107898332432576 ], [ 128.111510747316942, 35.107873847040935 ], [ 128.111482723454628, 35.107669190989469 ], [ 128.111482588852994, 35.107668211508994 ], [ 128.111470057101343, 35.107577914299533 ], [ 128.111501406359082, 35.107462712324541 ], [ 128.111564759888722, 35.107231599903059 ], [ 128.111578490788219, 35.107182180911479 ], [ 128.1115344060442, 35.107090766955473 ], [ 128.111498107004223, 35.107016594995116 ], [ 128.111486120304221, 35.106992206473322 ], [ 128.111476910730204, 35.106970596540513 ], [ 128.111458496433272, 35.106926261231941 ], [ 128.111349773764744, 35.106845161456413 ], [ 128.111283661864064, 35.106798304704498 ], [ 128.11111235643105, 35.106676782771522 ], [ 128.111065334483015, 35.106641592482305 ], [ 128.110951002929397, 35.106556029191523 ], [ 128.110876216803746, 35.106500102335914 ], [ 128.110809120212167, 35.106456201580983 ], [ 128.110681179019224, 35.106372455017826 ], [ 128.110450546203964, 35.106223882079263 ], [ 128.110291551979486, 35.106175907236029 ], [ 128.110239250937269, 35.106160191296134 ], [ 128.110222384477481, 35.106154992169749 ], [ 128.110193469904999, 35.10614624503652 ], [ 128.110086396334822, 35.106110324145618 ], [ 128.109921876018092, 35.106059016849017 ], [ 128.109847175351575, 35.106035619041585 ], [ 128.109773444351418, 35.105982413862307 ], [ 128.109694539437584, 35.105925470916347 ], [ 128.109458476278746, 35.105755117296596 ], [ 128.109366444127005, 35.105687260892353 ], [ 128.10922133609364, 35.105580272688471 ], [ 128.109146289059737, 35.10552940826279 ], [ 128.109072254684605, 35.105479253759007 ], [ 128.108784658849544, 35.105400484793869 ], [ 128.108123408142262, 35.105448486950579 ], [ 128.107871748736187, 35.105466695820915 ], [ 128.10769792958132, 35.105539114417809 ], [ 128.107040822705159, 35.105812968545607 ], [ 128.106722195727258, 35.105872909704395 ], [ 128.106691795228926, 35.105880652449152 ], [ 128.106671431420608, 35.10588587968239 ], [ 128.106459060030318, 35.105940370443228 ], [ 128.106089837617219, 35.105949089756955 ], [ 128.105883149562857, 35.105954066090412 ], [ 128.105508472663701, 35.105910732564112 ], [ 128.105219103788386, 35.105921385790531 ], [ 128.104869018733183, 35.105934415213589 ], [ 128.104818345552502, 35.105936298324593 ], [ 128.104562165608598, 35.105903727688776 ], [ 128.104556789012321, 35.105904322579015 ], [ 128.104271077169386, 35.105935932716747 ], [ 128.104196632160892, 35.105956462418064 ], [ 128.104102726289, 35.105982384800249 ], [ 128.103403261663914, 35.10606381127964 ], [ 128.10297027562811, 35.106099287445616 ], [ 128.102829120446359, 35.106110853248538 ], [ 128.102599897154477, 35.106186641932595 ], [ 128.102205024188436, 35.106317198931428 ], [ 128.101828834895144, 35.106404547471669 ], [ 128.101231066623853, 35.106505457403465 ], [ 128.101189846191971, 35.106508710511285 ], [ 128.101065702344101, 35.106518506408271 ], [ 128.100360734888085, 35.106573903926531 ], [ 128.100310718984758, 35.106578701642043 ], [ 128.099965368658246, 35.106611848527798 ], [ 128.099516137068065, 35.106654925669886 ], [ 128.099212752633349, 35.106651060423729 ], [ 128.099179503308676, 35.106650654881065 ], [ 128.09917772103995, 35.106656312010372 ], [ 128.099177085472661, 35.106658827319748 ], [ 128.09917676486856, 35.106658800049537 ], [ 128.098994692598382, 35.106645425706517 ], [ 128.098917635801314, 35.106639792001403 ], [ 128.098914984485788, 35.106639601312942 ], [ 128.098784795322189, 35.106630202958364 ], [ 128.098661012170083, 35.106621266967615 ], [ 128.098513146852497, 35.106610640011141 ], [ 128.098214613624549, 35.106533487861903 ], [ 128.097959253454917, 35.106404545035431 ], [ 128.09791649335898, 35.106327704685533 ], [ 128.097926074516579, 35.10633218221902 ], [ 128.097971410497081, 35.106353065871794 ], [ 128.097913295312395, 35.106294268762767 ], [ 128.097876620782529, 35.106217429040825 ], [ 128.097852650364786, 35.106168218219658 ], [ 128.097847710390994, 35.106157690752084 ], [ 128.097842662617495, 35.106139012343064 ], [ 128.097825304720203, 35.106073919521435 ], [ 128.097826829577258, 35.106113241956884 ], [ 128.097829681765432, 35.106172649784249 ], [ 128.097829368112968, 35.106172071530409 ], [ 128.097770302199564, 35.106064183546444 ], [ 128.097720168533414, 35.105775087704025 ], [ 128.09768041182295, 35.105545334612927 ], [ 128.097652506725723, 35.105432360565857 ], [ 128.097599637043487, 35.105220191434704 ], [ 128.097517255508677, 35.105084044070324 ], [ 128.097489575516732, 35.105038248196969 ], [ 128.097352900066511, 35.104916532376123 ], [ 128.097344272294606, 35.10491125839475 ], [ 128.097299357382752, 35.104884489655248 ], [ 128.097125409091689, 35.104794096921076 ], [ 128.097085615812972, 35.104773432711895 ], [ 128.09705637857104, 35.104758249406807 ], [ 128.096630778759788, 35.10453352807135 ], [ 128.096424673551184, 35.104422307027718 ], [ 128.096262775271725, 35.104336176563955 ], [ 128.096182154064991, 35.104304225040543 ], [ 128.095773161995254, 35.10414216821875 ], [ 128.095764562207393, 35.104139810122447 ], [ 128.095303261587503, 35.104013317984048 ], [ 128.094603188029396, 35.103919791565829 ], [ 128.094553898464483, 35.103908998147162 ], [ 128.094438871930237, 35.103883807499962 ], [ 128.094038679939587, 35.103796337254991 ], [ 128.094026740614737, 35.103793727589725 ], [ 128.094022082916325, 35.103791167006122 ], [ 128.093738785160639, 35.103635352070192 ], [ 128.093591697872483, 35.1035544421268 ], [ 128.09348146900129, 35.103460797035936 ], [ 128.093072414503013, 35.103113391588614 ], [ 128.093062447021936, 35.10310366127807 ], [ 128.093023100904901, 35.103065250539565 ], [ 128.092898796486338, 35.102944407776448 ], [ 128.092830232428781, 35.102892500557815 ], [ 128.092788215284486, 35.102838246189755 ], [ 128.092677840802651, 35.102695725543121 ], [ 128.092639508535058, 35.102622701095648 ], [ 128.092559700469195, 35.102471317665263 ], [ 128.092556753250051, 35.102453415044124 ], [ 128.09255073957371, 35.102416900736515 ], [ 128.092525803880704, 35.102268268908659 ], [ 128.092571499212568, 35.102071255841416 ], [ 128.092677474062754, 35.101948065247818 ], [ 128.092700427760633, 35.101921386781278 ], [ 128.092831704128344, 35.101768522335611 ], [ 128.092905416048808, 35.101641114186975 ], [ 128.092891272704776, 35.101531965224851 ], [ 128.092744250936192, 35.101352455218063 ], [ 128.092665276338295, 35.101317593360172 ], [ 128.092569804194767, 35.101275446896842 ], [ 128.092510752582172, 35.101244804959215 ], [ 128.092492164196784, 35.101235160912537 ], [ 128.092350558404121, 35.10121049309037 ], [ 128.092146232165277, 35.101174897917566 ], [ 128.091753759001477, 35.101086626676214 ], [ 128.09175061369524, 35.101085918854515 ], [ 128.091499587673326, 35.101029490112637 ], [ 128.091127389966488, 35.101179843649881 ], [ 128.09103528300534, 35.101263896800013 ], [ 128.091015571564924, 35.10128165924629 ], [ 128.090948930649063, 35.101341709931908 ], [ 128.090816262525522, 35.101751589794631 ], [ 128.090529328200205, 35.101900910094734 ], [ 128.090493064514021, 35.10200882334798 ], [ 128.090570322073404, 35.102070659796034 ], [ 128.090974439148425, 35.102109835736137 ], [ 128.090993100497059, 35.102111647382991 ], [ 128.091034036091713, 35.102174369330839 ], [ 128.091065516321862, 35.102222249185949 ], [ 128.090774695318487, 35.102722977361239 ], [ 128.090754950078917, 35.102739456790786 ], [ 128.090515726870109, 35.102939080132373 ], [ 128.090647834565885, 35.103079849450737 ], [ 128.090965136537164, 35.103272458088711 ], [ 128.090968129729418, 35.103274274876185 ], [ 128.090971733404672, 35.103289223932272 ], [ 128.09097909229979, 35.103319747093614 ], [ 128.090995334825692, 35.103387117806086 ], [ 128.090911139720646, 35.103653473844417 ], [ 128.090844987654833, 35.103729844873818 ], [ 128.090782207764022, 35.103802785551181 ], [ 128.090642713929952, 35.103916287477375 ], [ 128.090291737551325, 35.103915354873763 ], [ 128.089853037242307, 35.103914779566203 ], [ 128.0897025215111, 35.103946968025909 ], [ 128.089491417917088, 35.10407786741213 ], [ 128.089295539025187, 35.104321582305218 ], [ 128.089298585471539, 35.104447877556595 ], [ 128.08934576169986, 35.104541943894262 ], [ 128.089369346070242, 35.104588908543555 ], [ 128.089591373553816, 35.10476463400456 ], [ 128.089668962261527, 35.104826472985955 ], [ 128.089709860016114, 35.104859209996796 ], [ 128.089822298641934, 35.105015921624734 ], [ 128.089929147951182, 35.105164669367099 ], [ 128.090014931836379, 35.105609621958919 ], [ 128.090024208266925, 35.105638270192728 ], [ 128.090124221585597, 35.105942121141034 ], [ 128.090136400906317, 35.106033408891726 ], [ 128.090153872519835, 35.106161400312743 ], [ 128.09017195859019, 35.106305211979169 ], [ 128.090173420616679, 35.106316844160254 ], [ 128.090174962242031, 35.106330081001104 ], [ 128.090191414411208, 35.106520905957616 ], [ 128.090198062275306, 35.106598002427511 ], [ 128.090206467803625, 35.106843106322543 ], [ 128.090233228301543, 35.106925605309179 ], [ 128.090257208010314, 35.106999535334182 ], [ 128.090393959104375, 35.107215173874877 ], [ 128.090476021197787, 35.10734457291462 ], [ 128.091375298129236, 35.107498426331361 ], [ 128.091417644329596, 35.107505672400066 ], [ 128.091793056880817, 35.107668051086073 ], [ 128.091795279446387, 35.107705923850133 ], [ 128.091818198578807, 35.108089185502784 ], [ 128.091822502078628, 35.108334757376937 ], [ 128.091822535577307, 35.108337569651923 ], [ 128.091824777013443, 35.108480348347456 ], [ 128.091819864346604, 35.108525117062761 ], [ 128.091818371538437, 35.108538711340543 ], [ 128.091805213499526, 35.108657822242229 ], [ 128.091794714480415, 35.10868119446171 ], [ 128.091740297076285, 35.108802341745651 ], [ 128.091734311806732, 35.10881592548899 ], [ 128.091722576739528, 35.108835593192204 ], [ 128.091638078066723, 35.108975638345747 ], [ 128.091655130444593, 35.109047025678315 ], [ 128.091691791220171, 35.109072185742619 ], [ 128.091870414280322, 35.109194946535901 ], [ 128.091916299198147, 35.109226482582592 ], [ 128.092007064734872, 35.109349741552968 ], [ 128.091962509710555, 35.109412748903303 ], [ 128.091934273754134, 35.109452673895113 ], [ 128.091810917282118, 35.109627104491004 ], [ 128.091809244841016, 35.10962951481487 ], [ 128.091807812251488, 35.109631557872959 ], [ 128.091794110546886, 35.109651053036103 ], [ 128.09177527577117, 35.109677707596042 ], [ 128.091742907059853, 35.109723845670779 ], [ 128.091676126563442, 35.109819039784867 ], [ 128.09162356117298, 35.109893968857627 ], [ 128.091559181945314, 35.110013845454716 ], [ 128.091446628512927, 35.110223416748617 ], [ 128.091015382200567, 35.110560799718868 ], [ 128.091003948965891, 35.110569743628176 ], [ 128.091011760318622, 35.110594139217 ], [ 128.091054003036419, 35.110726041181771 ], [ 128.091072200671078, 35.110783111031161 ], [ 128.09109013566578, 35.110839365207383 ], [ 128.091106943315197, 35.110891459873073 ], [ 128.091254819009322, 35.11097671147639 ], [ 128.09143614062296, 35.11108124061662 ], [ 128.091560122770829, 35.111152713043218 ], [ 128.091603444369952, 35.111206894653094 ], [ 128.091669572971028, 35.111289598770625 ], [ 128.091686999542475, 35.111311271102458 ], [ 128.091676595519971, 35.111358158565373 ], [ 128.091589442631829, 35.111750790393025 ], [ 128.091578346585294, 35.111800784911551 ], [ 128.091617802145123, 35.111989417874788 ], [ 128.091637649854817, 35.112084300038305 ], [ 128.09162200200754, 35.11209133220737 ], [ 128.09158041480174, 35.112110025652605 ], [ 128.091536275691141, 35.112219899934445 ], [ 128.091510404628991, 35.112284294729754 ], [ 128.091481683685657, 35.112289767591193 ], [ 128.091430051543313, 35.112299702083561 ], [ 128.091122471998744, 35.112358882997022 ], [ 128.091105079915195, 35.112348075136481 ], [ 128.091035705428453, 35.112304480235878 ], [ 128.091216378649648, 35.112602965461384 ], [ 128.091226573400235, 35.112622302526248 ], [ 128.091228041737509, 35.112625047386771 ], [ 128.091234664931619, 35.112637442464667 ], [ 128.091201115410797, 35.112710513032809 ], [ 128.091175572388522, 35.11276614332634 ], [ 128.091168376134419, 35.112781823106701 ], [ 128.091165044904102, 35.112789316339835 ], [ 128.091128867784477, 35.112868713481163 ], [ 128.091107763208925, 35.112915036295924 ], [ 128.091090768319305, 35.112951798965405 ], [ 128.091084441323687, 35.113159421711856 ], [ 128.091081378489889, 35.113260002663019 ], [ 128.091056178103628, 35.114087198186766 ], [ 128.091234267596064, 35.114461609100424 ], [ 128.091240260724049, 35.114526975538311 ], [ 128.091252715240358, 35.114662824236973 ], [ 128.091138810071044, 35.114886921060439 ], [ 128.091135436342654, 35.114893556069283 ], [ 128.091049960079658, 35.115061507110902 ], [ 128.091036717052475, 35.115174144846719 ], [ 128.091029328054617, 35.115237019284933 ], [ 128.091092802784743, 35.115343906941909 ], [ 128.091101987488656, 35.115529816520805 ], [ 128.091109687792567, 35.115685688335901 ], [ 128.091098773643012, 35.116027479031175 ], [ 128.091097835874592, 35.116056873956509 ], [ 128.091047674058899, 35.116093708163717 ], [ 128.090980373869542, 35.116143130829506 ], [ 128.09086869596598, 35.116224969867517 ], [ 128.090575723942067, 35.116439834286446 ], [ 128.090542706556249, 35.116485197892473 ], [ 128.090526919914538, 35.116506886998053 ], [ 128.090446020754484, 35.116661673757584 ], [ 128.090413603486382, 35.116724073125063 ], [ 128.090115186754957, 35.117044603734698 ], [ 128.090038114475703, 35.117229885464084 ], [ 128.090037460892603, 35.117231473852407 ], [ 128.089966584688597, 35.117260168611551 ], [ 128.08993925860932, 35.117271232141434 ], [ 128.089793242737983, 35.117374787277853 ], [ 128.089673433511336, 35.117490912638679 ], [ 128.089555935595655, 35.117580903187907 ], [ 128.088820345872421, 35.118144270403754 ], [ 128.088568261442845, 35.118334965679367 ], [ 128.088290560529401, 35.118545038979796 ], [ 128.087819715468413, 35.118686350754395 ], [ 128.087719345045002, 35.118716473070386 ], [ 128.087711833115605, 35.118718770080825 ], [ 128.087040275675349, 35.118924093119176 ], [ 128.085353102861461, 35.119032139470029 ], [ 128.084756311322565, 35.119318708020359 ], [ 128.083830590402613, 35.119487516149803 ], [ 128.082957906381694, 35.119649371464824 ], [ 128.082595682657626, 35.119762034224166 ], [ 128.082121007888247, 35.119951452181155 ], [ 128.082090948480811, 35.119963470262491 ], [ 128.081993127357549, 35.120002587299787 ], [ 128.081846014206008, 35.120052398922319 ], [ 128.081506135372109, 35.120167474155757 ], [ 128.081498026985201, 35.120260699417393 ], [ 128.08149244062713, 35.120324902750859 ], [ 128.081486172286759, 35.120395374438978 ], [ 128.081435120586832, 35.120961576043506 ], [ 128.081414701299991, 35.121188031230673 ], [ 128.081096724233532, 35.121380276831033 ], [ 128.080696936303809, 35.121713379292864 ], [ 128.080531483139225, 35.121850198449373 ], [ 128.080394449919311, 35.121963512573764 ], [ 128.080205103852279, 35.122020673191798 ], [ 128.080087679874964, 35.122013415597898 ], [ 128.079907003734689, 35.121979699574631 ], [ 128.079758242307832, 35.122037027803032 ], [ 128.079602505268838, 35.122013201920147 ], [ 128.079399446146851, 35.121982117860874 ], [ 128.079195311982033, 35.122094027305401 ], [ 128.078665934541988, 35.122296780574217 ], [ 128.078385224241856, 35.122404288684173 ], [ 128.07809339946175, 35.122502087241116 ], [ 128.077924979745546, 35.12265046610478 ], [ 128.07676502014553, 35.122998466338736 ], [ 128.076151266675424, 35.123119956658549 ], [ 128.075749828654665, 35.123224202935539 ], [ 128.075500767578745, 35.123393179624308 ], [ 128.075366201762762, 35.123484474635369 ], [ 128.074958996220602, 35.123802278784417 ], [ 128.074888409690459, 35.123909221905315 ], [ 128.074822730245501, 35.124008865812151 ], [ 128.074799334859591, 35.124044360775329 ], [ 128.074523149063197, 35.124498308024236 ], [ 128.074391220970824, 35.124711848719926 ], [ 128.074329129901571, 35.124891954778846 ], [ 128.074317577266186, 35.124925708231757 ], [ 128.074207533653976, 35.125239475593098 ], [ 128.074405253342604, 35.12562499450793 ], [ 128.074481073370805, 35.125783996165616 ], [ 128.074520877730521, 35.125867466339372 ], [ 128.073424624026728, 35.126371902205697 ], [ 128.072809167490448, 35.127046703606219 ], [ 128.072679276133556, 35.127061984635596 ], [ 128.072017073360939, 35.127139892393281 ], [ 128.071814610308621, 35.127308564012601 ], [ 128.071371377712836, 35.127679338282981 ], [ 128.070602808751858, 35.128313366133121 ], [ 128.069763210501179, 35.12844568889269 ], [ 128.06873466180167, 35.128625585005864 ], [ 128.068020743355561, 35.128750420426108 ], [ 128.066695547593241, 35.127869523507798 ], [ 128.066463703149367, 35.127714546560412 ], [ 128.065523500399166, 35.127824471614687 ], [ 128.064719049357535, 35.127932641517582 ], [ 128.064248542743428, 35.127918185530454 ], [ 128.063571990231139, 35.127594900731147 ], [ 128.062685633180735, 35.127791609012654 ], [ 128.062343379431326, 35.127783625841694 ], [ 128.060905805524669, 35.127621023751182 ], [ 128.060503587770199, 35.127878353525681 ], [ 128.060274817519627, 35.127727918530475 ], [ 128.059898274281892, 35.127627415468197 ], [ 128.059676480759009, 35.12756825250132 ], [ 128.059588637287732, 35.127582802345529 ], [ 128.059101925169102, 35.127651117795004 ], [ 128.058572958679605, 35.127471301263363 ], [ 128.058088499627161, 35.127617160191932 ], [ 128.057999600958766, 35.127635396330675 ], [ 128.056891180265922, 35.127855725524597 ], [ 128.056750731987165, 35.127831250927692 ], [ 128.056648108699392, 35.127813333719061 ], [ 128.056566671704473, 35.127799127959783 ], [ 128.05638743691415, 35.127768042069228 ], [ 128.056160052372206, 35.128169949282409 ], [ 128.056155644797997, 35.128182901841349 ], [ 128.055892347502976, 35.128956593482144 ], [ 128.055725535420606, 35.129446757327543 ], [ 128.055654656710487, 35.129655029355419 ], [ 128.055513664162504, 35.129675260839058 ], [ 128.055487483744344, 35.129679027353362 ], [ 128.054810430254804, 35.129776432232546 ], [ 128.054759636260229, 35.129787307634366 ], [ 128.054575209365822, 35.129826790878496 ] ] ] } }
]
}
